"Function / Call Stack","CPU Time","Module","Function (Full)","Source File","Start Address"
"_libm_log_l9","58.0272","Simulation2015_x64.exe","_libm_log_l9","[Unknown]","0x1400b4620"
"UNSATZONEOPS_mp_MIXEDITERMETHOD","42.4297","Simulation2015_x64.exe","UNSATZONEOPS_mp_MIXEDITERMETHOD","UnsatZoneOps.f90","0x140504b60"
"_libm_exp_l9","38.7112","Simulation2015_x64.exe","_libm_exp_l9","[Unknown]","0x1400b4ec0"
"PACKAGE_MATRIX_mp_UPDATECOEFF","31.2591","Simulation2015_x64.exe","PACKAGE_MATRIX_mp_UPDATECOEFF","Package_Matrix.f90","0x14043c230"
"CLASS_NONPONDEDAGLANDUSEGW_mp_NONPONDEDAGLANDUSE_SIMULATE","28.6403","Simulation2015_x64.exe","CLASS_NONPONDEDAGLANDUSEGW_mp_NONPONDEDAGLANDUSE_SIMULATE","Class_NonPondedAgLandUseGW.f90","0x1404f97a0"
"CLASS_APPGW_mp_APPLYHORIZONTALFLOWS","15.7235","Simulation2015_x64.exe","CLASS_APPGW_mp_APPLYHORIZONTALFLOWS","Class_AppGW.f90","0x1409082a0"
"ROOTZONE_V41_mp_ROOTZONE_V41_SIMULATE","15.7153","Simulation2015_x64.exe","ROOTZONE_V41_mp_ROOTZONE_V41_SIMULATE","RootZone_v41.f90","0x1404f54a0"
"UNSATZONEOPS_mp_KUNSAT","15.3082","Simulation2015_x64.exe","UNSATZONEOPS_mp_KUNSAT","UnsatZoneOps.f90","0x140505220"
"PACKAGE_MATRIX_mp_PGMRES","14.9443","Simulation2015_x64.exe","PACKAGE_MATRIX_mp_PGMRES","Package_Matrix.f90","0x1408ff870"
"ILUT","13.9525","Simulation2015_x64.exe","ILUT","pgmres.f","0x140903ba0"
"ROOTZONE_V41_mp_ROOTZONE_V41_GETFLOWSTOSTREAMS","11.3057","Simulation2015_x64.exe","ROOTZONE_V41_mp_ROOTZONE_V41_GETFLOWSTOSTREAMS","RootZone_v41.f90","0x1404bfde0"
"ROOTZONE_V41_mp_ROOTZONE_V41_GETPERCALL","8.01742","Simulation2015_x64.exe","ROOTZONE_V41_mp_ROOTZONE_V41_GETPERCALL","RootZone_v41.f90","0x1404beb90"
"_intel_avx_rep_memset","7.70711","Simulation2015_x64.exe","_intel_avx_rep_memset","[Unknown]","0x1400c0100"
"ROOTZONE_V41_mp_COMPUTEUPSTRMELEMRUNOFFTOLANDUSE","7.55402","Simulation2015_x64.exe","ROOTZONE_V41_mp_COMPUTEUPSTRMELEMRUNOFFTOLANDUSE","RootZone_v41.f90","0x1404fe260"
"UNSATZONEOPS_mp_DKUNSAT","7.08997","Simulation2015_x64.exe","UNSATZONEOPS_mp_DKUNSAT","UnsatZoneOps.f90","0x140505440"
"CLASS_BASEROOTZONE_mp_TRACKMOISTUREDUETOSOURCE","6.64262","Simulation2015_x64.exe","CLASS_BASEROOTZONE_mp_TRACKMOISTUREDUETOSOURCE","Class_BaseRootZone.f90","0x140505740"
"CLASS_PONDEDAGLANDUSEGW_mp_PONDEDAGLANDUSE_SIMULATE","6.60585","Simulation2015_x64.exe","CLASS_PONDEDAGLANDUSEGW_mp_PONDEDAGLANDUSE_SIMULATE","Class_PondedAgLandUseGW.f90","0x1404fad80"
"RtlFreeHeap","5.72232","ntdll.dll","RtlFreeHeap","[Unknown]","0x180026730"
"memcpy","5.0645","Simulation2015_x64.exe","memcpy","memcpy.asm","0x140942950"
"PACKAGE_MATRIX_mp_CONVERTTOCRSFORMAT","5.03764","Simulation2015_x64.exe","PACKAGE_MATRIX_mp_CONVERTTOCRSFORMAT","Package_Matrix.f90","0x1408ff320"
"for_backspace","4.63524","Simulation2015_x64.exe","for_backspace","[Unknown]","0x140052090"
"CLASS_APPGW_mp_SIMULATE","4.38697","Simulation2015_x64.exe","CLASS_APPGW_mp_SIMULATE","Class_AppGW.f90","0x140904c50"
"WriteFile","3.92906","KERNELBASE.dll","WriteFile","[Unknown]","0x1800429c0"
"CLASS_GWZBUDGET_mp_PRINTRESULTS","3.82213","Simulation2015_x64.exe","CLASS_GWZBUDGET_mp_PRINTRESULTS","Class_GWZBudget.f90","0x1408a7a90"
"PACKAGE_MATRIX_mp_LOCALNODE_TO_GLOBALNODE_SCALAR","3.79697","Simulation2015_x64.exe","PACKAGE_MATRIX_mp_LOCALNODE_TO_GLOBALNODE_SCALAR","Package_Matrix.f90","0x140693c10"
"GMRES","3.45097","Simulation2015_x64.exe","GMRES","pgmres.f","0x1409018e0"
"CLASS_APPSUBSIDENCE_mp_SIMULATE","3.06474","Simulation2015_x64.exe","CLASS_APPSUBSIDENCE_mp_SIMULATE","Class_AppSubsidence.f90","0x14090b970"
"log","2.88404","Simulation2015_x64.exe","log","[Unknown]","0x1400b1000"
"CLASS_APPGW_mp_GETSUPPLY","2.84762","Simulation2015_x64.exe","CLASS_APPGW_mp_GETSUPPLY","Class_AppGW.f90","0x140913200"
"RAINFALLRUNOFF_mp_SCSMETHOD_HELP","2.76399","Simulation2015_x64.exe","RAINFALLRUNOFF_mp_SCSMETHOD_HELP","RainfallRunoff.f90","0x140505690"
"exp","2.73911","Simulation2015_x64.exe","exp","[Unknown]","0x1400b1020"
"func@0x1800288e0","2.64242","ntdll.dll","func@0x1800288e0","[Unknown]","0x1800288e0"
"CLASS_NATIVERIPARIANLANDUSEGW_mp_NATIVERIPARIANLANDUSE_SIMULATE","2.58208","Simulation2015_x64.exe","CLASS_NATIVERIPARIANLANDUSEGW_mp_NATIVERIPARIANLANDUSE_SIMULATE","Class_NativeRiparianLandUseGW.f90","0x140501c60"
"CLASS_STRMGWCONNECTOR_V42_mp_STRMGWCONNECTOR_V42_GETFLOWATGWNODE","2.56074","Simulation2015_x64.exe","CLASS_STRMGWCONNECTOR_V42_mp_STRMGWCONNECTOR_V42_GETFLOWATGWNODE","Class_StrmGWConnector_v42.f90","0x140440540"
"CLASS_APPGW_mp_APPLYVERTICALFLOWS","2.55647","Simulation2015_x64.exe","CLASS_APPGW_mp_APPLYVERTICALFLOWS","Class_AppGW.f90","0x14090c050"
"PACKAGE_APPSMALLWATERSHED_mp_GETNETBCFLOWWITHBCTYPE","2.33168","Simulation2015_x64.exe","PACKAGE_APPSMALLWATERSHED_mp_GETNETBCFLOWWITHBCTYPE","Package_AppSmallWatershed.f90","0x14045dd00"
"CLASS_URBANLANDUSEGW_mp_URBANLANDUSE_SIMULATE","2.17852","Simulation2015_x64.exe","CLASS_URBANLANDUSEGW_mp_URBANLANDUSE_SIMULATE","Class_UrbanLandUseGW.f90","0x1404ffc60"
"_libm_exp_e7","2.0218","Simulation2015_x64.exe","_libm_exp_e7","[Unknown]","0x1400b4bb0"
"CLASS_APPGW_mp_APPLYCHANGEINSTORAGE","1.94207","Simulation2015_x64.exe","CLASS_APPGW_mp_APPLYCHANGEINSTORAGE","Class_AppGW.f90","0x140909070"
"_intel_avx_rep_memcpy","1.83781","Simulation2015_x64.exe","_intel_avx_rep_memcpy","[Unknown]","0x1400bc300"
"cvtas_t_to_a","1.83734","Simulation2015_x64.exe","cvtas_t_to_a","[Unknown]","0x1400a1b80"
"CLASS_PUMPING_mp_DISTRIBUTEPUMPTONODES","1.78328","Simulation2015_x64.exe","CLASS_PUMPING_mp_DISTRIBUTEPUMPTONODES","Class_Pumping.f90","0x140699550"
"CLASS_APPGW_mp_GETPUMPACTUAL","1.73169","Simulation2015_x64.exe","CLASS_APPGW_mp_GETPUMPACTUAL","Class_AppGW.f90","0x1408fc5b0"
"DISTDOT","1.63","Simulation2015_x64.exe","DISTDOT","pgmres.f","0x1403e1ca0"
"PACKAGE_APPUNSATZONE_mp_SIMULATE","1.57173","Simulation2015_x64.exe","PACKAGE_APPUNSATZONE_mp_SIMULATE","Package_AppUnsatZone.f90","0x140915190"
"CLASS_NONPONDEDAGLANDUSEGW_mp_NONPONDEDAGLANDUSE_COMPUTEWATERDEMAND","1.42474","Simulation2015_x64.exe","CLASS_NONPONDEDAGLANDUSEGW_mp_NONPONDEDAGLANDUSE_COMPUTEWATERDEMAND","Class_NonPondedAgLandUseGW.f90","0x1404ecbc0"
"ROOTZONE_V411_mp_WRITEROOTZONEFLOWSTOZONEBUDRAWFILE","1.34935","Simulation2015_x64.exe","ROOTZONE_V411_mp_WRITEROOTZONEFLOWSTOZONEBUDRAWFILE","RootZone_v411.f90","0x140715830"
"RtlRestoreLastWin32Error","1.23377","ntdll.dll","RtlRestoreLastWin32Error","[Unknown]","0x180041690"
"ROOTZONE_V41_mp_ROOTZONE_V41_ADVANCESTATE","1.20036","Simulation2015_x64.exe","ROOTZONE_V41_mp_ROOTZONE_V41_ADVANCESTATE","RootZone_v41.f90","0x1405067d0"
"PACKAGE_MODEL_mp_CONVERGENCE","1.15659","Simulation2015_x64.exe","PACKAGE_MODEL_mp_CONVERGENCE","Package_Model.f90","0x1408f7c30"
"CLASS_STRMGWCONNECTOR_V42_mp_STRMGWCONNECTOR_V42_SIMULATE","1.0833","Simulation2015_x64.exe","CLASS_STRMGWCONNECTOR_V42_mp_STRMGWCONNECTOR_V42_SIMULATE","Class_StrmGWConnector_v42.f90","0x140443a70"
"CLASS_APPSTREAM_V42_mp_APPSTREAM_V42_SIMULATE","1.07665","Simulation2015_x64.exe","CLASS_APPSTREAM_V42_mp_APPSTREAM_V42_SIMULATE","Class_AppStream_v42.f90","0x14073c330"
"FlsGetValue","1.07565","KERNELBASE.dll","FlsGetValue","[Unknown]","0x180057f80"
"_chkstk","1.06852","Simulation2015_x64.exe","_chkstk","chkstk.asm","0x1409428f0"
"CLASS_APPGRID_mp_ELEMDATA_TO_NODEDATA","1.02527","Simulation2015_x64.exe","CLASS_APPGRID_mp_ELEMDATA_TO_NODEDATA","Class_AppGrid.f90","0x140907200"
"memset","1.01766","Simulation2015_x64.exe","memset","memset.asm","0x1409432d0"
"cvt_ieee_t_to_text_ex","0.990445","Simulation2015_x64.exe","cvt_ieee_t_to_text_ex","[Unknown]","0x1400934c0"
"CLASS_APPGW_mp_GETPUMPINGATELEMENTLAYERNODE","0.953045","Simulation2015_x64.exe","CLASS_APPGW_mp_GETPUMPINGATELEMENTLAYERNODE","Class_AppGW.f90","0x1408b14d0"
"PACKAGE_MATRIX_mp_UPDATERHS_RANDOM","0.943079","Simulation2015_x64.exe","PACKAGE_MATRIX_mp_UPDATERHS_RANDOM","Package_Matrix.f90","0x14090dee0"
"CLASS_BASEAPPSTREAM_mp_GETELEMRECVLOSSES","0.869064","Simulation2015_x64.exe","CLASS_BASEAPPSTREAM_mp_GETELEMRECVLOSSES","Class_BaseAppStream.f90","0x1405c3290"
"CLASS_BASEAPPSTREAM_mp_GETSUPPLY","0.863643","Simulation2015_x64.exe","CLASS_BASEAPPSTREAM_mp_GETSUPPLY","Class_BaseAppStream.f90","0x1405c2c50"
"CLASS_GWZBUDGET_mp_COMPUTEFACEFLOWATNODE","0.852221","Simulation2015_x64.exe","CLASS_GWZBUDGET_mp_COMPUTEFACEFLOWATNODE","Class_GWZBudget.f90","0x1408b4d60"
"H5SL_search","0.781254","Simulation2015_x64.exe","H5SL_search","[Unknown]","0x1401a3050"
"for__interp_fmt","0.74356","Simulation2015_x64.exe","for__interp_fmt","[Unknown]","0x140085730"
"ReadFile","0.699194","KERNELBASE.dll","ReadFile","[Unknown]","0x180042f60"
"getptd_noexit","0.676107","Simulation2015_x64.exe","getptd_noexit","tidtable.c","0x14094830c"
"ROOTZONE_V41_mp_ROOTZONE_V41_GETELEMENTWATERDEMAND_AG","0.61371","Simulation2015_x64.exe","ROOTZONE_V41_mp_ROOTZONE_V41_GETELEMENTWATERDEMAND_AG","RootZone_v41.f90","0x1404b8730"
"CLASS_BASEROOTZONE_mp_COMPUTEREGIONALETPOT_MULTIPLELUPERELEM","0.59516","Simulation2015_x64.exe","CLASS_BASEROOTZONE_mp_COMPUTEREGIONALETPOT_MULTIPLELUPERELEM","Class_BaseRootZone.f90","0x1404cef70"
"for__acquire_semaphore_threaded","0.57504","Simulation2015_x64.exe","for__acquire_semaphore_threaded","[Unknown]","0x140065780"
"CLASS_STRATIGRAPHY_mp_GETACTIVELAYERBELOW","0.534143","Simulation2015_x64.exe","CLASS_STRATIGRAPHY_mp_GETACTIVELAYERBELOW","Class_Stratigraphy.f90","0x140413fa0"
"ROOTZONE_V41_mp_ZEROREDISTRIBUTEDMOIST","0.519517","Simulation2015_x64.exe","ROOTZONE_V41_mp_ZEROREDISTRIBUTEDMOIST","RootZone_v41.f90","0x1404d8080"
"for_write_int_fmt_xmit","0.508794","Simulation2015_x64.exe","for_write_int_fmt_xmit","[Unknown]","0x14003f3a0"
"VERTICALFLOW_mp_VERTICALFLOW_COMPUTEATNODESLAYER","0.492152","Simulation2015_x64.exe","VERTICALFLOW_mp_VERTICALFLOW_COMPUTEATNODESLAYER","VerticalFlow.f90","0x1408ba8d0"
"ROOTZONE_V41_mp_REGIONALMOISTSTORAGE","0.492046","Simulation2015_x64.exe","ROOTZONE_V41_mp_REGIONALMOISTSTORAGE","RootZone_v41.f90","0x1404e4d30"
"errno","0.470334","Simulation2015_x64.exe","errno","dosmap.c","0x140946014"
"CLASS_PAIREDDATA_mp_PAIREDDATA_INTERPOLATE","0.465844","Simulation2015_x64.exe","CLASS_PAIREDDATA_mp_PAIREDDATA_INTERPOLATE","Class_PairedData.f90","0x14047ba90"
"CLASS_PAIREDDATA_mp_PAIREDDATA_DERIVATIVE","0.442775","Simulation2015_x64.exe","CLASS_PAIREDDATA_mp_PAIREDDATA_DERIVATIVE","Class_PairedData.f90","0x14040e3d0"
"for__format_value","0.422396","Simulation2015_x64.exe","for__format_value","[Unknown]","0x140082eb0"
"GetLastError","0.416513","KERNELBASE.dll","GetLastError","[Unknown]","0x180013f80"
"ROOTZONE_V411_mp_WRITELWUSEFLOWSTOZONEBUDRAWFILE","0.414534","Simulation2015_x64.exe","ROOTZONE_V411_mp_WRITELWUSEFLOWSTOZONEBUDRAWFILE","RootZone_v411.f90","0x14070ef60"
"for__desc_ret_item","0.402678","Simulation2015_x64.exe","for__desc_ret_item","[Unknown]","0x140078f20"
"ROOTZONE_V41_mp_REGIONALDEMAND","0.374862","Simulation2015_x64.exe","ROOTZONE_V41_mp_REGIONALDEMAND","RootZone_v41.f90","0x1404f4600"
"SUPPLYDESTINATIONCONNECTOR_mp_SUPPLY_SETSUPPLYSPECS","0.359874","Simulation2015_x64.exe","SUPPLYDESTINATIONCONNECTOR_mp_SUPPLY_SETSUPPLYSPECS","SupplyDestinationConnector.f90","0x1408f7410"
"ROOTZONE_V41_mp_REGIONALAGRAWDEMAND","0.358916","Simulation2015_x64.exe","ROOTZONE_V41_mp_REGIONALAGRAWDEMAND","RootZone_v41.f90","0x1406deb80"
"CLASS_STRMGWCONNECTOR_V42_mp_STRMGWCONNECTOR_V42_GETGWHEADSATSTRMNODES","0.348125","Simulation2015_x64.exe","CLASS_STRMGWCONNECTOR_V42_mp_STRMGWCONNECTOR_V42_GETGWHEADSATSTRMNODES","Class_StrmGWConnector_v42.f90","0x140441020"
"CLASS_NONPONDEDAGLANDUSEGW_mp_NONPONDEDAGLANDUSE_READTSDATA","0.347405","Simulation2015_x64.exe","CLASS_NONPONDEDAGLANDUSEGW_mp_NONPONDEDAGLANDUSE_READTSDATA","Class_NonPondedAgLandUseGW.f90","0x1404d01c0"
"ROOTZONE_V41_mp_COMPUTEDEMANDSUPPLYRELATEDFRACS","0.34688","Simulation2015_x64.exe","ROOTZONE_V41_mp_COMPUTEDEMANDSUPPLYRELATEDFRACS","RootZone_v41.f90","0x1404f0360"
"ROOTZONE_V41_mp_ROOTZONE_V41_PRINTRESULTS","0.345759","Simulation2015_x64.exe","ROOTZONE_V41_mp_ROOTZONE_V41_PRINTRESULTS","RootZone_v41.f90","0x1406d6090"
"ROOTZONE_V41_mp_REGIONALREUSE","0.315111","Simulation2015_x64.exe","ROOTZONE_V41_mp_REGIONALREUSE","RootZone_v41.f90","0x1406eda70"
"PACKAGE_MODEL_mp_SIMULATEONETIMESTEP","0.307085","Simulation2015_x64.exe","PACKAGE_MODEL_mp_SIMULATEONETIMESTEP","Package_Model.f90","0x1408e3040"
"CLASS_PONDEDAGLANDUSEGW_mp_PONDEDAGLANDUSE_READTSDATA","0.301376","Simulation2015_x64.exe","CLASS_PONDEDAGLANDUSEGW_mp_PONDEDAGLANDUSE_READTSDATA","Class_PondedAgLandUseGW.f90","0x1404d1ea0"
"cvtas_a_to_t","0.298066","Simulation2015_x64.exe","cvtas_a_to_t","[Unknown]","0x1400a73c0"
"for__get_s","0.290062","Simulation2015_x64.exe","for__get_s","[Unknown]","0x14007c070"
"PACKAGE_APPSMALLWATERSHED_mp_UPDATERHS","0.267775","Simulation2015_x64.exe","PACKAGE_APPSMALLWATERSHED_mp_UPDATERHS","Package_AppSmallWatershed.f90","0x140914920"
"CLASS_APPSTREAM_V42_mp_APPSTREAM_V42_UPDATEHEADS","0.252208","Simulation2015_x64.exe","CLASS_APPSTREAM_V42_mp_APPSTREAM_V42_UPDATEHEADS","Class_AppStream_v42.f90","0x14073fb40"
"ROOTZONE_V41_mp_REGIONALINFILTRATION","0.24886","Simulation2015_x64.exe","ROOTZONE_V41_mp_REGIONALINFILTRATION","RootZone_v41.f90","0x1406f3570"
"_crtFlsGetValue","0.246566","Simulation2015_x64.exe","_crtFlsGetValue","winapisupp.c","0x14094d368"
"intel_fast_memcpy","0.245482","Simulation2015_x64.exe","intel_fast_memcpy","[Unknown]","0x1400b81a0"
"CLASS_APPDIVERBYPASS_mp_APPDIVERBYPASS_COMPUTEBYPASS","0.243972","Simulation2015_x64.exe","CLASS_APPDIVERBYPASS_mp_APPDIVERBYPASS_COMPUTEBYPASS","Class_AppDiverBypass.f90","0x140693ca0"
"ROOTZONE_V41_mp_REGIONALLUAREA","0.237401","Simulation2015_x64.exe","ROOTZONE_V41_mp_REGIONALLUAREA","RootZone_v41.f90","0x1406db840"
"ROOTZONE_V41_mp_REGIONALETAW","0.231916","Simulation2015_x64.exe","ROOTZONE_V41_mp_REGIONALETAW","RootZone_v41.f90","0x1406e2290"
"ROOTZONE_V411_mp_ROOTZONE_V411_PRINTRESULTS","0.223013","Simulation2015_x64.exe","ROOTZONE_V411_mp_ROOTZONE_V411_PRINTRESULTS","RootZone_v411.f90","0x1406cfe00"
"CLASS_APPGW_mp_GETELEMENTSTORAGEATLAYER","0.217535","Simulation2015_x64.exe","CLASS_APPGW_mp_GETELEMENTSTORAGEATLAYER","Class_AppGW.f90","0x1408b36d0"
"ROOTZONE_V41_mp_REGIONALPERC","0.217059","Simulation2015_x64.exe","ROOTZONE_V41_mp_REGIONALPERC","RootZone_v41.f90","0x1406f07d0"
"ROOTZONE_V41_mp_ROOTZONE_V41_SETACTUALRIPARIANET_ATSTRMNODES","0.215629","Simulation2015_x64.exe","ROOTZONE_V41_mp_ROOTZONE_V41_SETACTUALRIPARIANET_ATSTRMNODES","RootZone_v41.f90","0x1404c1990"
"ROOTZONE_V41_mp_REGIONALRUNOFF","0.214729","Simulation2015_x64.exe","ROOTZONE_V41_mp_REGIONALRUNOFF","RootZone_v41.f90","0x1406f5750"
"GetLastError","0.212551","KERNEL32.DLL","GetLastError","[Unknown]","0x180006240"
"RtlAllocateHeap","0.202006","ntdll.dll","RtlAllocateHeap","[Unknown]","0x180028860"
"func@0x1401e5fa0","0.201336","Simulation2015_x64.exe","func@0x1401e5fa0","[Unknown]","0x1401e5fa0"
"for_allocate","0.197308","Simulation2015_x64.exe","for_allocate","[Unknown]","0x140015d00"
"for_read_seq_fmt_xmit","0.195472","Simulation2015_x64.exe","for_read_seq_fmt_xmit","[Unknown]","0x1400588a0"
"intel_fast_memset","0.193542","Simulation2015_x64.exe","intel_fast_memset","[Unknown]","0x1400b8250"
"for__cvt_value","0.192258","Simulation2015_x64.exe","for__cvt_value","[Unknown]","0x140083e00"
"for_dealloc_allocatable","0.192055","Simulation2015_x64.exe","for_dealloc_allocatable","[Unknown]","0x1400162d0"
"CLASS_PONDEDAGLANDUSEGW_mp_PONDEDAGLANDUSE_COMPUTEWATERDEMAND","0.189182","Simulation2015_x64.exe","CLASS_PONDEDAGLANDUSEGW_mp_PONDEDAGLANDUSE_COMPUTEWATERDEMAND","Class_PondedAgLandUseGW.f90","0x1404ef080"
"ROOTZONE_V41_mp_REGIONALPRECIP","0.188298","Simulation2015_x64.exe","ROOTZONE_V41_mp_REGIONALPRECIP","RootZone_v41.f90","0x1406f6e10"
"func@0x1401e79f0","0.188086","Simulation2015_x64.exe","func@0x1401e79f0","[Unknown]","0x1401e79f0"
"func@0x1400fe8e0","0.186055","Simulation2015_x64.exe","func@0x1400fe8e0","[Unknown]","0x1400fe8e0"
"SUPPLYADJUSTMENT_mp_ADJUSTSUPPLIES","0.185792","Simulation2015_x64.exe","SUPPLYADJUSTMENT_mp_ADJUSTSUPPLIES","SupplyAdjustment.f90","0x1408f0e70"
"aligned_malloc","0.175249","Simulation2015_x64.exe","aligned_malloc","align.c","0x140943fc8"
"SetLastError","0.16615","KERNEL32.DLL","SetLastError","[Unknown]","0x1800064b0"
"ROOTZONE_V41_mp_REGIONALSOILMCHANGE","0.161977","Simulation2015_x64.exe","ROOTZONE_V41_mp_REGIONALSOILMCHANGE","RootZone_v41.f90","0x1406f46f0"
"ROOTZONE_V41_mp_REGIONALETA","0.159811","Simulation2015_x64.exe","ROOTZONE_V41_mp_REGIONALETA","RootZone_v41.f90","0x1406f1b70"
"ROOTZONE_V41_mp_ROOTZONE_V41_SETSUPPLYTOELEM","0.15935","Simulation2015_x64.exe","ROOTZONE_V41_mp_ROOTZONE_V41_SETSUPPLYTOELEM","RootZone_v41.f90","0x1404c1bf0"
"CLASS_APPGW_mp_COMPUTEREGIONALSTORAGE","0.152781","Simulation2015_x64.exe","CLASS_APPGW_mp_COMPUTEREGIONALSTORAGE","Class_AppGW.f90","0x140325f10"
"for__acquire_lun","0.151225","Simulation2015_x64.exe","for__acquire_lun","[Unknown]","0x140068940"
"UNSATZONEOPS_mp_NONPONDEDCROPDEMAND","0.143785","Simulation2015_x64.exe","UNSATZONEOPS_mp_NONPONDEDCROPDEMAND","UnsatZoneOps.f90","0x1404ee790"
"SetFilePointerEx","0.135213","KERNELBASE.dll","SetFilePointerEx","[Unknown]","0x180060cf0"
"CLASS_APPGW_mp_GETSUPPLYADJUSTDATA","0.130551","Simulation2015_x64.exe","CLASS_APPGW_mp_GETSUPPLYADJUSTDATA","Class_AppGW.f90","0x1408f55d0"
"FlsGetValue","0.130217","KERNEL32.DLL","FlsGetValue","[Unknown]","0x180007350"
"ROOTZONE_V41_mp_ROOTZONE_V41_ZEROSUPPLY","0.12984","Simulation2015_x64.exe","ROOTZONE_V41_mp_ROOTZONE_V41_ZEROSUPPLY","RootZone_v41.f90","0x1405059a0"
"PACKAGE_MATRIX_mp_SOLVE","0.128542","Simulation2015_x64.exe","PACKAGE_MATRIX_mp_SOLVE","Package_Matrix.f90","0x1408fe5a0"
"intel_fast_memcmp","0.126913","Simulation2015_x64.exe","intel_fast_memcmp","[Unknown]","0x1400b86c0"
"CLASS_ATMOSPHERICDATA_mp_GETVALUES","0.126263","Simulation2015_x64.exe","CLASS_ATMOSPHERICDATA_mp_GETVALUES","Class_AtmosphericData.f90","0x14072ac10"
"H5D__chunk_lookup","0.125952","Simulation2015_x64.exe","H5D__chunk_lookup","[Unknown]","0x1401ca720"
"ROOTZONE_V41_mp_REDISTRIBUTEMOIST","0.124366","Simulation2015_x64.exe","ROOTZONE_V41_mp_REDISTRIBUTEMOIST","RootZone_v41.f90","0x1404d8aa0"
"for_write_seq_fmt_xmit","0.120823","Simulation2015_x64.exe","for_write_seq_fmt_xmit","[Unknown]","0x14005f550"
"LOCATEDATE_ip_GETTIMESTAMP","0.119398","Simulation2015_x64.exe","LOCATEDATE_ip_GETTIMESTAMP","Class_AsciiFileType.f90","0x140404f70"
"func@0x1400f2c80","0.115634","Simulation2015_x64.exe","func@0x1400f2c80","[Unknown]","0x1400f2c80"
"PACKAGE_APPPUMPING_mp_APPPUMPING_READTSDATA","0.110486","Simulation2015_x64.exe","PACKAGE_APPPUMPING_mp_APPPUMPING_READTSDATA","Package_AppPumping.f90","0x1408da5a0"
"func@0x1401cf510","0.107052","Simulation2015_x64.exe","func@0x1401cf510","[Unknown]","0x1401cf510"
"malloc","0.106812","Simulation2015_x64.exe","malloc","malloc.c","0x140943200"
"GetConsoleMode","0.102838","KERNELBASE.dll","GetConsoleMode","[Unknown]","0x18005dac0"
"CLASS_STRMGWCONNECTOR_V42_mp_STRMGWCONNECTOR_V42_COMPUTESTRMGWFLOW_ATMINHEAD","0.10208","Simulation2015_x64.exe","CLASS_STRMGWCONNECTOR_V42_mp_STRMGWCONNECTOR_V42_COMPUTESTRMGWFLOW_ATMINHEAD","Class_StrmGWConnector_v42.f90","0x140444990"
"CLASS_APPGW_mp_GETNODALPUMPACTUAL","0.0975227","Simulation2015_x64.exe","CLASS_APPGW_mp_GETNODALPUMPACTUAL","Class_AppGW.f90","0x140898f80"
"ROOTZONE_V41_mp_REGIONALRETURN","0.095156","Simulation2015_x64.exe","ROOTZONE_V41_mp_REGIONALRETURN","RootZone_v41.f90","0x1406ec500"
"func@0x14002c870","0.0926906","Simulation2015_x64.exe","func@0x14002c870","[Unknown]","0x14002c870"
"H5FL_reg_malloc","0.0903143","Simulation2015_x64.exe","H5FL_reg_malloc","[Unknown]","0x14012d430"
"ROOTZONE_V41_mp_PROCESSLANDUSEAREAS","0.0886771","Simulation2015_x64.exe","ROOTZONE_V41_mp_PROCESSLANDUSEAREAS","RootZone_v41.f90","0x1404d3930"
"aligned_free","0.0871778","Simulation2015_x64.exe","aligned_free","align.c","0x140943fac"
"ADJUSTSUPPLIES_ip_ADJUST","0.0855238","Simulation2015_x64.exe","ADJUSTSUPPLIES_ip_ADJUST","SupplyAdjustment.f90","0x1408f1ad0"
"func@0x1401e9070","0.0842902","Simulation2015_x64.exe","func@0x1401e9070","[Unknown]","0x1401e9070"
"PACKAGE_SUPPLY_mp_SUPPLY","0.0829995","Simulation2015_x64.exe","PACKAGE_SUPPLY_mp_SUPPLY","Package_Supply.f90","0x140910af0"
"CLASS_APPGW_mp_ISBOUNDARYFLOWNODE","0.0822231","Simulation2015_x64.exe","CLASS_APPGW_mp_ISBOUNDARYFLOWNODE","Class_AppGW.f90","0x1408b5d50"
"SUPPLYADJUSTMENT_mp_TAGADJUSTABLESUPPLIES","0.0820611","Simulation2015_x64.exe","SUPPLYADJUSTMENT_mp_TAGADJUSTABLESUPPLIES","SupplyAdjustment.f90","0x1408f26a0"
"SUPPLYDESTINATIONCONNECTOR_mp_INITSUPPLYTOAGURBANFRACS","0.0815829","Simulation2015_x64.exe","SUPPLYDESTINATIONCONNECTOR_mp_INITSUPPLYTOAGURBANFRACS","SupplyDestinationConnector.f90","0x140932d70"
"H5VM_chunk_index","0.0803153","Simulation2015_x64.exe","H5VM_chunk_index","[Unknown]","0x1401b0250"
"for_read_seq_lis_xmit","0.0789014","Simulation2015_x64.exe","for_read_seq_lis_xmit","[Unknown]","0x1400298a0"
"CLASS_TECPLOTOUTPUT_mp_PRINTRESULTS","0.078579","Simulation2015_x64.exe","CLASS_TECPLOTOUTPUT_mp_PRINTRESULTS","Class_TecplotOutput.f90","0x1408c4b40"
"for_write_int_fmt","0.0765024","Simulation2015_x64.exe","for_write_int_fmt","[Unknown]","0x14003a230"
"PACKAGE_APPPUMPING_mp_SIMULATE","0.0760656","Simulation2015_x64.exe","PACKAGE_APPPUMPING_mp_SIMULATE","Package_AppPumping.f90","0x14090e2a0"
"CreateFileA","0.0737339","KERNELBASE.dll","CreateFileA","[Unknown]","0x180041a70"
"H5S_select_hyperslab","0.0736152","Simulation2015_x64.exe","H5S_select_hyperslab","[Unknown]","0x1400f55f0"
"ROOTZONE_V41_mp_ROOTZONE_V41_GETELEMENTWATERDEMAND_URB","0.0671281","Simulation2015_x64.exe","ROOTZONE_V41_mp_ROOTZONE_V41_GETELEMENTWATERDEMAND_URB","RootZone_v41.f90","0x1404b8f20"
"func@0x14002bf00","0.0661705","Simulation2015_x64.exe","func@0x14002bf00","[Unknown]","0x14002bf00"
"ROOTZONE_V41_mp_REGIONALETP","0.0648443","Simulation2015_x64.exe","ROOTZONE_V41_mp_REGIONALETP","RootZone_v41.f90","0x1406e14c0"
"CLASS_APPGW_mp_GETELEMENTDEPTHTOGW","0.0602551","Simulation2015_x64.exe","CLASS_APPGW_mp_GETELEMENTDEPTHTOGW","Class_AppGW.f90","0x140326c60"
"SetFilePointer","0.0601761","KERNELBASE.dll","SetFilePointer","[Unknown]","0x180058f10"
"H5Sget_simple_extent_ndims","0.0595032","Simulation2015_x64.exe","H5Sget_simple_extent_ndims","[Unknown]","0x1400eaf40"
"for__release_lun","0.0561158","Simulation2015_x64.exe","for__release_lun","[Unknown]","0x14006a350"
"for__write_output","0.0560217","Simulation2015_x64.exe","for__write_output","[Unknown]","0x140075af0"
"free","0.0560199","Simulation2015_x64.exe","free","free.c","0x140943108"
"ROOTZONE_V41_mp_REGIONALETOTH","0.0553775","Simulation2015_x64.exe","ROOTZONE_V41_mp_REGIONALETOTH","RootZone_v41.f90","0x1406e06f0"
"PACKAGE_APPSMALLWATERSHED_mp_SIMULATE","0.0551954","Simulation2015_x64.exe","PACKAGE_APPSMALLWATERSHED_mp_SIMULATE","Package_AppSmallWatershed.f90","0x140915ec0"
"for_write_seq_fmt","0.054286","Simulation2015_x64.exe","for_write_seq_fmt","[Unknown]","0x14005cd20"
"CLASS_NATIVERIPARIANLANDUSEGW_mp_NATIVERIPARIANLANDUSE_COMPUTEWATERDEMAND","0.0522408","Simulation2015_x64.exe","CLASS_NATIVERIPARIANLANDUSEGW_mp_NATIVERIPARIANLANDUSE_COMPUTEWATERDEMAND","Class_NativeRiparianLandUseGW.f90","0x1404ec190"
"CLASS_APPGW_mp_ADVANCESTATE","0.0501056","Simulation2015_x64.exe","CLASS_APPGW_mp_ADVANCESTATE","Class_AppGW.f90","0x1409223d0"
"func@0x1401eb160","0.0496291","Simulation2015_x64.exe","func@0x1401eb160","[Unknown]","0x1401eb160"
"H5FL_reg_free","0.0491973","Simulation2015_x64.exe","H5FL_reg_free","[Unknown]","0x14012ca50"
"for_read_seq_fmt","0.0490192","Simulation2015_x64.exe","for_read_seq_fmt","[Unknown]","0x140055fd0"
"PACKAGE_APPUNSATZONE_mp_PRINTRESULTSTOBUDFILE","0.0466483","Simulation2015_x64.exe","PACKAGE_APPUNSATZONE_mp_PRINTRESULTSTOBUDFILE","Package_AppUnsatZone.f90","0x1408cd0b0"
"H5T_cmp","0.0457057","Simulation2015_x64.exe","H5T_cmp","[Unknown]","0x1400c55e0"
"ROOTZONE_V41_mp_ROOTZONE_V41_GETWATERSUPPLY_URB","0.0456534","Simulation2015_x64.exe","ROOTZONE_V41_mp_ROOTZONE_V41_GETWATERSUPPLY_URB","RootZone_v41.f90","0x1404b5a00"
"CLASS_APPSUBSIDENCE_mp_UPDATESUBSIDENCE","0.0454075","Simulation2015_x64.exe","CLASS_APPSUBSIDENCE_mp_UPDATESUBSIDENCE","Class_AppSubsidence.f90","0x1409191f0"
"H5O_msg_iterate_real","0.0446381","Simulation2015_x64.exe","H5O_msg_iterate_real","[Unknown]","0x140129e80"
"H5S_select_valid","0.0445198","Simulation2015_x64.exe","H5S_select_valid","[Unknown]","0x1400f7f10"
"H5Dwrite","0.0443536","Simulation2015_x64.exe","H5Dwrite","[Unknown]","0x1400ff550"
"H5T_path_find","0.0430991","Simulation2015_x64.exe","H5T_path_find","[Unknown]","0x1400c7930"
"for_trim","0.0415386","Simulation2015_x64.exe","for_trim","[Unknown]","0x140015ae0"
"CLASS_APPGW_mp_GETVERTICALFLOWATNODESLAYER","0.0412464","Simulation2015_x64.exe","CLASS_APPGW_mp_GETVERTICALFLOWATNODESLAYER","Class_AppGW.f90","0x1408b2c10"
"PACKAGE_APPUNSATZONE_mp_UPDATESTORAGE","0.0409858","Simulation2015_x64.exe","PACKAGE_APPUNSATZONE_mp_UPDATESTORAGE","Package_AppUnsatZone.f90","0x140917bf0"
"SUPPLYDESTINATIONCONNECTOR_mp_SUPPLY_CHECKSUPPLYDESTINATIONCONNECTION","0.0408146","Simulation2015_x64.exe","SUPPLYDESTINATIONCONNECTOR_mp_SUPPLY_CHECKSUPPLYDESTINATIONCONNECTION","SupplyDestinationConnector.f90","0x1409175c0"
"func@0x1400f35d0","0.0406992","Simulation2015_x64.exe","func@0x1400f35d0","[Unknown]","0x1400f35d0"
"func@0x1401d0370","0.0397557","Simulation2015_x64.exe","func@0x1401d0370","[Unknown]","0x1401d0370"
"CLASS_HDF5FILETYPE_mp_WRITEMATRIXDATA","0.0397208","Simulation2015_x64.exe","CLASS_HDF5FILETYPE_mp_WRITEMATRIXDATA","Class_HDF5FileType.f90","0x1403f60b0"
"H5FL_arr_malloc","0.0394288","Simulation2015_x64.exe","H5FL_arr_malloc","[Unknown]","0x14012da40"
"func@0x1400fdf20","0.0393","Simulation2015_x64.exe","func@0x1400fdf20","[Unknown]","0x1400fdf20"
"func@0x1400f2db0","0.038824","Simulation2015_x64.exe","func@0x1400f2db0","[Unknown]","0x1400f2db0"
"CLASS_APPGW_mp_GETSUBSIDENCEATLAYER","0.0370537","Simulation2015_x64.exe","CLASS_APPGW_mp_GETSUBSIDENCEATLAYER","Class_AppGW.f90","0x1408b22c0"
"ROOTZONE_V41_mp_REGIONALPUMPING","0.0368848","Simulation2015_x64.exe","ROOTZONE_V41_mp_REGIONALPUMPING","RootZone_v41.f90","0x1406e3060"
"cvt_text_to_ieee_t_ex","0.0363907","Simulation2015_x64.exe","cvt_text_to_ieee_t_ex","[Unknown]","0x140094ce0"
"ROOTZONE_V41_mp_ROOTZONE_V41_GETACTUALRIPARIANET_ATSTRMNODES","0.0359435","Simulation2015_x64.exe","ROOTZONE_V41_mp_ROOTZONE_V41_GETACTUALRIPARIANET_ATSTRMNODES","RootZone_v41.f90","0x1404b4130"
"H5S_mp_H5SSELECT_HYPERSLAB_F","0.035549","Simulation2015_x64.exe","H5S_mp_H5SSELECT_HYPERSLAB_F","[Unknown]","0x1400027c0"
"CLASS_ASCIIFILETYPE_mp_READMATRIXDATA_ASCIIINFILE","0.0351352","Simulation2015_x64.exe","CLASS_ASCIIFILETYPE_mp_READMATRIXDATA_ASCIIINFILE","Class_AsciiFileType.f90","0x1403fd9f0"
"func@0x14019d9a0","0.0349403","Simulation2015_x64.exe","func@0x14019d9a0","[Unknown]","0x14019d9a0"
"func@0x1400f954f","0.0344508","Simulation2015_x64.exe","func@0x1400f954f","[Unknown]","0x1400f954f"
"func@0x1400f0fc0","0.033443","Simulation2015_x64.exe","func@0x1400f0fc0","[Unknown]","0x1400f0fc0"
"ROOTZONE_V41_mp_REGIONALUPSTRMELEMFLOW","0.0314246","Simulation2015_x64.exe","ROOTZONE_V41_mp_REGIONALUPSTRMELEMFLOW","RootZone_v41.f90","0x1406db030"
"CLASS_STRMGWCONNECTOR_V42_mp_STRMGWCONNECTOR_V42_GETSUBREGIONALFLOWS","0.0312624","Simulation2015_x64.exe","CLASS_STRMGWCONNECTOR_V42_mp_STRMGWCONNECTOR_V42_GETSUBREGIONALFLOWS","Class_StrmGWConnector_v42.f90","0x14043f9f0"
"CLASS_APPGW_mp_COMPUTESUBREGIONALGWFLOWEXCHANGE","0.0310315","Simulation2015_x64.exe","CLASS_APPGW_mp_COMPUTESUBREGIONALGWFLOWEXCHANGE","Class_AppGW.f90","0x1408c33e0"
"PACKAGE_APPUNSATZONE_mp_ADVANCESTATE","0.0305687","Simulation2015_x64.exe","PACKAGE_APPUNSATZONE_mp_ADVANCESTATE","Package_AppUnsatZone.f90","0x140922eb0"
"H5FL_fac_malloc","0.0305482","Simulation2015_x64.exe","H5FL_fac_malloc","[Unknown]","0x14012df00"
"CLASS_BASEHYDROGRAPH_mp_HYDOUTPUT_PRINTRESULTS","0.0304842","Simulation2015_x64.exe","CLASS_BASEHYDROGRAPH_mp_HYDOUTPUT_PRINTRESULTS","Class_BaseHydrograph.f90","0x1402fd3e0"
"CLASS_PUMPING_mp_UPDATEPUMPACTUALANDNODEFACTORS","0.0304836","Simulation2015_x64.exe","CLASS_PUMPING_mp_UPDATEPUMPACTUALANDNODEFACTORS","Class_Pumping.f90","0x14069ad10"
"CloseHandle","0.0299816","KERNELBASE.dll","CloseHandle","[Unknown]","0x180042290"
"PACKAGE_APPPUMPING_mp_GETSUBREGIONALPUMPING","0.0299273","Simulation2015_x64.exe","PACKAGE_APPPUMPING_mp_GETSUBREGIONALPUMPING","Package_AppPumping.f90","0x1408c30e0"
"H5S_select_iter_init","0.0285813","Simulation2015_x64.exe","H5S_select_iter_init","[Unknown]","0x1400f8120"
"for_cpstr","0.028163","Simulation2015_x64.exe","for_cpstr","[Unknown]","0x140015610"
"func@0x1400f2350","0.0261783","Simulation2015_x64.exe","func@0x1400f2350","[Unknown]","0x1400f2350"
"func@0x1400ee9fe","0.0258566","Simulation2015_x64.exe","func@0x1400ee9fe","[Unknown]","0x1400ee9fe"
"CLASS_BASEAPPSTREAM_mp_GETSUBREGIONALRECVLOSSES","0.0255559","Simulation2015_x64.exe","CLASS_BASEAPPSTREAM_mp_GETSUBREGIONALRECVLOSSES","Class_BaseAppStream.f90","0x1405c5020"
"cvt_integer_to_text","0.0254273","Simulation2015_x64.exe","cvt_integer_to_text","[Unknown]","0x140090d20"
"CLASS_APPGW_mp_GETICOLADJUST","0.0253725","Simulation2015_x64.exe","CLASS_APPGW_mp_GETICOLADJUST","Class_AppGW.f90","0x1408efd70"
"func@0x1400f49f0","0.0248675","Simulation2015_x64.exe","func@0x1400f49f0","[Unknown]","0x1400f49f0"
"func@0x14019bba0","0.0245121","Simulation2015_x64.exe","func@0x14019bba0","[Unknown]","0x14019bba0"
"CLASS_BASEAPPSTREAM_mp_WRITESTRMNODEFLOWSTOBUDRAWFILE","0.0244719","Simulation2015_x64.exe","CLASS_BASEAPPSTREAM_mp_WRITESTRMNODEFLOWSTOBUDRAWFILE","Class_BaseAppStream.f90","0x1405cd7f0"
"for__acquire_threadstor_threads","0.0221127","Simulation2015_x64.exe","for__acquire_threadstor_threads","[Unknown]","0x1400654e0"
"for__put_sf","0.0220786","Simulation2015_x64.exe","for__put_sf","[Unknown]","0x140076200"
"func@0x1400f0c20","0.0216619","Simulation2015_x64.exe","func@0x1400f0c20","[Unknown]","0x1400f0c20"
"MESSAGELOGGER_mp_LOGALLMESSAGETYPES","0.0216468","Simulation2015_x64.exe","MESSAGELOGGER_mp_LOGALLMESSAGETYPES","MessageLogger.f90","0x1407957c0"
"func@0x1400efca0","0.0215683","Simulation2015_x64.exe","func@0x1400efca0","[Unknown]","0x1400efca0"
"func@0x1400ee680","0.0213886","Simulation2015_x64.exe","func@0x1400ee680","[Unknown]","0x1400ee680"
"for_adjustl","0.0210771","Simulation2015_x64.exe","for_adjustl","[Unknown]","0x14001dfd0"
"CLASS_ASCIIFILETYPE_mp_WRITESINGLEDATA_ASCIIOUTFILE","0.0205489","Simulation2015_x64.exe","CLASS_ASCIIFILETYPE_mp_WRITESINGLEDATA_ASCIIOUTFILE","Class_AsciiFileType.f90","0x140406b90"
"LAKEGWCONNECTOR_mp_SIMULATE","0.0204777","Simulation2015_x64.exe","LAKEGWCONNECTOR_mp_SIMULATE","LakeGWConnector.f90","0x14090f5d0"
"GetCurrentThreadId","0.020418","KERNEL32.DLL","GetCurrentThreadId","[Unknown]","0x180006150"
"H5S_extent_copy","0.0203811","Simulation2015_x64.exe","H5S_extent_copy","[Unknown]","0x1400ea8a0"
"H5S_set_extent_real","0.0203136","Simulation2015_x64.exe","H5S_set_extent_real","[Unknown]","0x1400ec300"
"ROOTZONE_V41_mp_ROOTZONE_V41_GETFLOWSTOLAKES","0.0202298","Simulation2015_x64.exe","ROOTZONE_V41_mp_ROOTZONE_V41_GETFLOWSTOLAKES","RootZone_v41.f90","0x1404c0da0"
"CLASS_BASEAPPSTREAM_mp_GETNDIVER","0.0202055","Simulation2015_x64.exe","CLASS_BASEAPPSTREAM_mp_GETNDIVER","Class_BaseAppStream.f90","0x1405c1650"
"func@0x1400ee5d0","0.020168","Simulation2015_x64.exe","func@0x1400ee5d0","[Unknown]","0x1400ee5d0"
"CreateFileW","0.0201544","KERNELBASE.dll","CreateFileW","[Unknown]","0x180041b50"
"func@0x1401bee60","0.0200781","Simulation2015_x64.exe","func@0x1401bee60","[Unknown]","0x1401bee60"
"ROOTZONE_V41_mp_REGIONALDRAIN","0.0200011","Simulation2015_x64.exe","ROOTZONE_V41_mp_REGIONALDRAIN","RootZone_v41.f90","0x1406ea960"
"func@0x1400edb7f","0.0198121","Simulation2015_x64.exe","func@0x1400edb7f","[Unknown]","0x1400edb7f"
"H5O_touch_oh","0.0198049","Simulation2015_x64.exe","H5O_touch_oh","[Unknown]","0x140102410"
"CLASS_ASCIIFILETYPE_mp_WRITEMATRIXDATA_ASCIITSDOUTFILE","0.0197624","Simulation2015_x64.exe","CLASS_ASCIIFILETYPE_mp_WRITEMATRIXDATA_ASCIITSDOUTFILE","Class_AsciiFileType.f90","0x140407770"
"func@0x1400f2820","0.0196327","Simulation2015_x64.exe","func@0x1400f2820","[Unknown]","0x1400f2820"
"H5S_create","0.0196312","Simulation2015_x64.exe","H5S_create","[Unknown]","0x1400ec540"
"H5SL_remove","0.0195643","Simulation2015_x64.exe","H5SL_remove","[Unknown]","0x14019ddb0"
"func@0x1400f94af","0.0195502","Simulation2015_x64.exe","func@0x1400f94af","[Unknown]","0x1400f94af"
"CLASS_GRID_mp_FEINTERPOLATE","0.0185395","Simulation2015_x64.exe","CLASS_GRID_mp_FEINTERPOLATE","Class_Grid.f90","0x1402f37c0"
"func@0x14002c4b0","0.0184894","Simulation2015_x64.exe","func@0x14002c4b0","[Unknown]","0x14002c4b0"
"H5FL_arr_free","0.0179013","Simulation2015_x64.exe","H5FL_arr_free","[Unknown]","0x14012ce40"
"func@0x1400f50d0","0.015655","Simulation2015_x64.exe","func@0x1400f50d0","[Unknown]","0x1400f50d0"
"CLASS_PUMPING_mp_COMPUTERFPUMPCOL","0.0156501","Simulation2015_x64.exe","CLASS_PUMPING_mp_COMPUTERFPUMPCOL","Class_Pumping.f90","0x1408dc890"
"ROOTZONE_V41_mp_ADVANCESTATELOCAL","0.0156473","Simulation2015_x64.exe","ROOTZONE_V41_mp_ADVANCESTATELOCAL","RootZone_v41.f90","0x1404e14c0"
"PACKAGE_APPSMALLWATERSHED_mp_GETSUBREGIONALGWINFLOWS","0.0155969","Simulation2015_x64.exe","PACKAGE_APPSMALLWATERSHED_mp_GETSUBREGIONALGWINFLOWS","Package_AppSmallWatershed.f90","0x1408b6d50"
"ROOTZONE_V41_mp_ROOTZONE_V41_GETDEMANDURBANAREAS","0.0155947","Simulation2015_x64.exe","ROOTZONE_V41_mp_ROOTZONE_V41_GETDEMANDURBANAREAS","RootZone_v41.f90","0x1404bd940"
"CLASS_APPBC_mp_ISDEFINED","0.0155503","Simulation2015_x64.exe","CLASS_APPBC_mp_ISDEFINED","Class_AppBC.f90","0x14042f8e0"
"for_alloc_allocatable","0.0154789","Simulation2015_x64.exe","for_alloc_allocatable","[Unknown]","0x140015f10"
"ROOTZONE_V41_mp_ROOTZONE_V41_GETWATERSUPPLY_AG","0.0154687","Simulation2015_x64.exe","ROOTZONE_V41_mp_ROOTZONE_V41_GETWATERSUPPLY_AG","RootZone_v41.f90","0x1404b4dc0"
"func@0x1401fae8f","0.0154405","Simulation2015_x64.exe","func@0x1401fae8f","[Unknown]","0x1401fae8f"
"SUPPLYADJUSTMENT_mp_ISPUMPINGADJUSTABLE","0.0154329","Simulation2015_x64.exe","SUPPLYADJUSTMENT_mp_ISPUMPINGADJUSTABLE","SupplyAdjustment.f90","0x1408ed870"
"func@0x14006bc30","0.0153333","Simulation2015_x64.exe","func@0x14006bc30","[Unknown]","0x14006bc30"
"for_check_mult_overflow64","0.0153324","Simulation2015_x64.exe","for_check_mult_overflow64","[Unknown]","0x1400164a0"
"CLASS_URBANLANDUSEGW_mp_URBANLANDUSE_COMPUTEWATERDEMAND","0.0152923","Simulation2015_x64.exe","CLASS_URBANLANDUSEGW_mp_URBANLANDUSE_COMPUTEWATERDEMAND","Class_UrbanLandUseGW.f90","0x1404e2840"
"H5S_select_construct_projection","0.0151995","Simulation2015_x64.exe","H5S_select_construct_projection","[Unknown]","0x1400f8e40"
"_security_check_cookie","0.0151658","Simulation2015_x64.exe","_security_check_cookie","amdsecgs.asm","0x1409431e0"
"H5VM_memcpyvv","0.0150784","Simulation2015_x64.exe","H5VM_memcpyvv","[Unknown]","0x1401b0660"
"H5S_select_shape_same","0.015075","Simulation2015_x64.exe","H5S_select_shape_same","[Unknown]","0x1400f86c0"
"func@0x1401c96d0","0.0150482","Simulation2015_x64.exe","func@0x1401c96d0","[Unknown]","0x1401c96d0"
"CLASS_APPBC_mp_ISBOUNDARYFLOWNODE","0.0149968","Simulation2015_x64.exe","CLASS_APPBC_mp_ISBOUNDARYFLOWNODE","Class_AppBC.f90","0x1408b6310"
"CLASS_STRMGWCONNECTOR_V42_mp_STRMGWCONNECTOR_V42_GETALLGWNODES","0.0149945","Simulation2015_x64.exe","CLASS_STRMGWCONNECTOR_V42_mp_STRMGWCONNECTOR_V42_GETALLGWNODES","Class_StrmGWConnector_v42.f90","0x140440720"
"GWHYDROGRAPH_mp_PRINTRESULTS","0.0149774","Simulation2015_x64.exe","GWHYDROGRAPH_mp_PRINTRESULTS","GWHydrograph.f90","0x1408c40f0"
"H5D__contig_is_space_alloc","0.0148972","Simulation2015_x64.exe","H5D__contig_is_space_alloc","[Unknown]","0x14021f8f0"
"H5D__chunk_is_space_alloc","0.0148373","Simulation2015_x64.exe","H5D__chunk_is_space_alloc","[Unknown]","0x1401c93e0"
"H5S_select_copy","0.0148346","Simulation2015_x64.exe","H5S_select_copy","[Unknown]","0x1400f7c40"
"H5O_alloc","0.0148176","Simulation2015_x64.exe","H5O_alloc","[Unknown]","0x1401ec050"
"CLASS_BASEAPPSTREAM_mp_WRITESTRMREACHFLOWSTOBUDRAWFILE","0.0147379","Simulation2015_x64.exe","CLASS_BASEAPPSTREAM_mp_WRITESTRMREACHFLOWSTOBUDRAWFILE","Class_BaseAppStream.f90","0x1405caa10"
"func@0x14008a4e0","0.0102107","Simulation2015_x64.exe","func@0x14008a4e0","[Unknown]","0x14008a4e0"
"PACKAGE_APPPUMPING_mp_GETSUBREGIONALRECHARGE","0.0100958","Simulation2015_x64.exe","PACKAGE_APPPUMPING_mp_GETSUBREGIONALRECHARGE","Package_AppPumping.f90","0x1408c1680"
"H5C_mark_entry_dirty","0.00998744","Simulation2015_x64.exe","H5C_mark_entry_dirty","[Unknown]","0x1401f2c30"
"CLASS_DIVERSION_mp_COMPILEDIVERSIONRANKS","0.009955","Simulation2015_x64.exe","CLASS_DIVERSION_mp_COMPILEDIVERSIONRANKS","Class_Diversion.f90","0x14067c310"
"for_realloc_lhs","0.0099178","Simulation2015_x64.exe","for_realloc_lhs","[Unknown]","0x14002e130"
"CLASS_APPGW_mp_RESETACTUALPUMPING","0.0098864","Simulation2015_x64.exe","CLASS_APPGW_mp_RESETACTUALPUMPING","Class_AppGW.f90","0x1408e97a0"
"intel_fast_memset","0.0098839","Simulation2015_x64.exe","intel_fast_memset","[Unknown]","0x1400b8230"
"CLASS_APPDIVERBYPASS_mp_APPDIVERBYPASS_READTSDATA","0.0097193","Simulation2015_x64.exe","CLASS_APPDIVERBYPASS_mp_APPDIVERBYPASS_READTSDATA","Class_AppDiverBypass.f90","0x14068bdc0"
"func@0x1400f1420","0.0096862","Simulation2015_x64.exe","func@0x1400f1420","[Unknown]","0x1400f1420"
"TIMESERIESUTILITIES_mp_DAYMONTHYEARTOJULIANDATE","0.0095411","Simulation2015_x64.exe","TIMESERIESUTILITIES_mp_DAYMONTHYEARTOJULIANDATE","TimeSeriesUtilities.f90","0x1403e3d00"
"CLASS_HDF5FILETYPE_mp_WRITEMATRIXDATA_TOSPECIFIEDDATASET","0.0094936","Simulation2015_x64.exe","CLASS_HDF5FILETYPE_mp_WRITEMATRIXDATA_TOSPECIFIEDDATASET","Class_HDF5FileType.f90","0x1403f5730"
"PACKAGE_APPSMALLWATERSHED_mp_GETBOUNDARYFLOWATELEMENTNODELAYER","0.0094706","Simulation2015_x64.exe","PACKAGE_APPSMALLWATERSHED_mp_GETBOUNDARYFLOWATELEMENTNODELAYER","Package_AppSmallWatershed.f90","0x14045da20"
"CLASS_BASEROOTZONE_mp_COMPUTEREGIONALETPOT_SINGLELUPERELEM","0.0093355","Simulation2015_x64.exe","CLASS_BASEROOTZONE_mp_COMPUTEREGIONALETPOT_SINGLELUPERELEM","Class_BaseRootZone.f90","0x1404cf9c0"
"func@0x14019bcb0","0.0088786","Simulation2015_x64.exe","func@0x14019bcb0","[Unknown]","0x14019bcb0"
"for_index","0.0075593","Simulation2015_x64.exe","for_index","[Unknown]","0x140084af0"
"H5O_msg_exists_oh","0.0059716","Simulation2015_x64.exe","H5O_msg_exists_oh","[Unknown]","0x140129d40"
"GetStdHandle","0.0054542","KERNEL32.DLL","GetStdHandle","[Unknown]","0x18000ebb0"
"func@0x1401c9450","0.0054042","Simulation2015_x64.exe","func@0x1401c9450","[Unknown]","0x1401c9450"
"IOINTERFACE_mp_WRITESCALARDATA","0.0052028","Simulation2015_x64.exe","IOINTERFACE_mp_WRITESCALARDATA","IOInterface_NoDSS.f90","0x140464350"
"for_f90_scan","0.0050511","Simulation2015_x64.exe","for_f90_scan","[Unknown]","0x14002dae0"
"CLASS_STRATIGRAPHY_mp_GETLAYERNUMBERFORELEVATION","0.0050387","Simulation2015_x64.exe","CLASS_STRATIGRAPHY_mp_GETLAYERNUMBERFORELEVATION","Class_Stratigraphy.f90","0x1402d74b0"
"H5S_get_select_npoints","0.0050185","Simulation2015_x64.exe","H5S_get_select_npoints","[Unknown]","0x1400f7e30"
"_libm_log10_l9","0.0049835","Simulation2015_x64.exe","_libm_log10_l9","[Unknown]","0x1400b55b0"
"H5MM_xstrdup","0.0049761","Simulation2015_x64.exe","H5MM_xstrdup","[Unknown]","0x14012f3f0"
"ROOTZONE_V41_mp_ROOTZONE_V41_READTSDATA","0.0049726","Simulation2015_x64.exe","ROOTZONE_V41_mp_ROOTZONE_V41_READTSDATA","RootZone_v41.f90","0x1404c82b0"
"for__characterize_LUB_buffer","0.0049718","Simulation2015_x64.exe","for__characterize_LUB_buffer","[Unknown]","0x14007ba80"
"H5P_copy_plist","0.0049686","Simulation2015_x64.exe","H5P_copy_plist","[Unknown]","0x1400d3260"
"H5MF_aggr_try_extend","0.004961","Simulation2015_x64.exe","H5MF_aggr_try_extend","[Unknown]","0x140206510"
"H5T_mp_H5TSET_SIZE_F","0.0049511","Simulation2015_x64.exe","H5T_mp_H5TSET_SIZE_F","[Unknown]","0x140001440"
"CLASS_APPBC_mp_SIMULATE","0.004946","Simulation2015_x64.exe","CLASS_APPBC_mp_SIMULATE","Class_AppBC.f90","0x14090e760"
"for_read_seq","0.0049419","Simulation2015_x64.exe","for_read_seq","[Unknown]","0x140043ea0"
"PACKAGE_APPUNSATZONE_mp_PRINTRESULTSTOZBUDGETFILE","0.0049385","Simulation2015_x64.exe","PACKAGE_APPUNSATZONE_mp_PRINTRESULTSTOZBUDGETFILE","Package_AppUnsatZone.f90","0x1408ce7c0"
"CLASS_ASCIIFILETYPE_mp_BACKSPACE_ASCIIINFILE","0.00493","Simulation2015_x64.exe","CLASS_ASCIIFILETYPE_mp_BACKSPACE_ASCIIINFILE","Class_AsciiFileType.f90","0x1404082b0"
"ROOTZONE_V41_mp_REGIONALETPOT","0.0049263","Simulation2015_x64.exe","ROOTZONE_V41_mp_REGIONALETPOT","RootZone_v41.f90","0x1406ebbe0"
"for_read_seq_xmit","0.004911","Simulation2015_x64.exe","for_read_seq_xmit","[Unknown]","0x140045ab0"
"HeapFree","0.0049101","KERNEL32.DLL","HeapFree","[Unknown]","0x180006170"
"func@0x1400ee7c0","0.0049027","Simulation2015_x64.exe","func@0x1400ee7c0","[Unknown]","0x1400ee7c0"
"CLASS_BASEHYDROGRAPH_mp_HYDROGRAPHLIST_NEW","0.004901","Simulation2015_x64.exe","CLASS_BASEHYDROGRAPH_mp_HYDROGRAPHLIST_NEW","Class_BaseHydrograph.f90","0x1402ef670"
"PACKAGE_APPPUMPING_mp_RESETIRIGFRACS","0.0048993","Simulation2015_x64.exe","PACKAGE_APPPUMPING_mp_RESETIRIGFRACS","Package_AppPumping.f90","0x1408e1ee0"
"_libm_pow_l9","0.0048854","Simulation2015_x64.exe","_libm_pow_l9","[Unknown]","0x1400b3d30"
"pow","0.0048689","Simulation2015_x64.exe","pow","[Unknown]","0x1400b0fe0"
"func@0x14019d712","0.0048549","Simulation2015_x64.exe","func@0x14019d712","[Unknown]","0x14019d712"
"CLASS_APPDIVERBYPASS_mp_APPDIVERBYPASS_PRINTRESULTS","0.0048478","Simulation2015_x64.exe","CLASS_APPDIVERBYPASS_mp_APPDIVERBYPASS_PRINTRESULTS","Class_AppDiverBypass.f90","0x1405c9fe0"
"H5S_hyper_reset_scratch","0.0048379","Simulation2015_x64.exe","H5S_hyper_reset_scratch","[Unknown]","0x1400f0150"
"ROOTZONE_V41_mp_ROOTZONE_V41_GETACTUALETFROMGW_ATELEMS","0.0048373","Simulation2015_x64.exe","ROOTZONE_V41_mp_ROOTZONE_V41_GETACTUALETFROMGW_ATELEMS","RootZone_v41.f90","0x1404b4720"
"func@0x1400ee3a0","0.0048335","Simulation2015_x64.exe","func@0x1400ee3a0","[Unknown]","0x1400ee3a0"
"H5S_extent_get_dims","0.0048293","Simulation2015_x64.exe","H5S_extent_get_dims","[Unknown]","0x1400eb0e0"
"TlsGetValue","0.0048239","KERNEL32.DLL","TlsGetValue","[Unknown]","0x180006140"
"func@0x1400f0f60","0.0048139","Simulation2015_x64.exe","func@0x1400f0f60","[Unknown]","0x1400f0f60"
"H5I_object_verify","0.0048052","Simulation2015_x64.exe","H5I_object_verify","[Unknown]","0x140129490"
"CLASS_APPSTREAM_V42_mp_APPSTREAM_V42_GETUPSTRMNODES","0.0048009","Simulation2015_x64.exe","CLASS_APPSTREAM_V42_mp_APPSTREAM_V42_GETUPSTRMNODES","Class_AppStream_v42.f90","0x14073a790"
"H5Z_xform_noop","0.0047969","Simulation2015_x64.exe","H5Z_xform_noop","[Unknown]","0x1401c7f10"
"H5S_has_extent","0.0047497","Simulation2015_x64.exe","H5S_has_extent","[Unknown]","0x1400ec2e0"
"H5O_msg_reset_share","0.0047132","Simulation2015_x64.exe","H5O_msg_reset_share","[Unknown]","0x14012a600"
"PROCESSFLOWTYPES_ip_ADDFLOWTYPETOELEMENTS_BYELEMENT","0.0047098","Simulation2015_x64.exe","PROCESSFLOWTYPES_ip_ADDFLOWTYPETOELEMENTS_BYELEMENT","Class_GWZBudget.f90","0x14035c580"
"H5T__print_stats","0.0046589","Simulation2015_x64.exe","H5T__print_stats","[Unknown]","0x1400f95a0"
"TIMESERIESUTILITIES_mp_JULIANDATEANDMINUTESTOTIMESTAMP","0.0046302","Simulation2015_x64.exe","TIMESERIESUTILITIES_mp_JULIANDATEANDMINUTESTOTIMESTAMP","TimeSeriesUtilities.f90","0x140513c50"
"H5SSELECT_HYPERSLAB_C","0.0046151","Simulation2015_x64.exe","H5SSELECT_HYPERSLAB_C","[Unknown]","0x14000ebf0"
"CLASS_ASCIIFILETYPE_mp_READARRAYDATA_ASCIITSDINFILE","0.0045961","Simulation2015_x64.exe","CLASS_ASCIIFILETYPE_mp_READARRAYDATA_ASCIITSDINFILE","Class_AsciiFileType.f90","0x1403ffb70"
"H5FD_write","0.0045551","Simulation2015_x64.exe","H5FD_write","[Unknown]","0x1401aa100"
"GENERALUTILITIES_mp_INTTOTEXT","0.0045335","Simulation2015_x64.exe","GENERALUTILITIES_mp_INTTOTEXT","GeneralUtilities.f90","0x140682d70"
"PROCESSFLOWTYPES_ip_COMPILEFLOWTYPEELEMENTS","0.0044769","Simulation2015_x64.exe","PROCESSFLOWTYPES_ip_COMPILEFLOWTYPEELEMENTS","Class_GWZBudget.f90","0x14035c950"
"WriteFile","0.0044638","KERNEL32.DLL","WriteFile","[Unknown]","0x1800229f0"
"RtlLeaveCriticalSection","0.0044456","ntdll.dll","RtlLeaveCriticalSection","[Unknown]","0x18002db50"
"for__get_vm","0.0034793","Simulation2015_x64.exe","for__get_vm","[Unknown]","0x140015c30"
"PROCESSFLOWTYPES_ip_ADDFLOWTYPETOELEMENTS_BYNODE","0.0033937","Simulation2015_x64.exe","PROCESSFLOWTYPES_ip_ADDFLOWTYPETOELEMENTS_BYNODE","Class_GWZBudget.f90","0x14035c3e0"
"func@0x14012c4c0","0.002473","Simulation2015_x64.exe","func@0x14012c4c0","[Unknown]","0x14012c4c0"
"ROOTZONE_V411_mp_LWUSEZONEBUDRAWFILE_NEW","0.0016993","Simulation2015_x64.exe","ROOTZONE_V411_mp_LWUSEZONEBUDRAWFILE_NEW","RootZone_v411.f90","0x1406a4f50"
"H5B_insert","0.0012313","Simulation2015_x64.exe","H5B_insert","[Unknown]","0x14021e5d0"
