"Function / Call Stack","Effective Time","Spin Time","Overhead Time","Module","Function (Full)","Source File","Start Address"
"GENERALUTILITIES_mp_SHELLSORT","441.316","0","0","Simulation2015_x64.exe","GENERALUTILITIES_mp_SHELLSORT","GeneralUtilities.f90","0x14090cc40"
"ILUT","338.076","0","0","Simulation2015_x64.exe","ILUT","pgmres.f","0x140902930"
"_libm_log_l9","248.474","0","0","Simulation2015_x64.exe","_libm_log_l9","[Unknown]","0x1400b4620"
"UNSATZONEOPS_mp_MIXEDITERMETHOD","210.478","0","0","Simulation2015_x64.exe","UNSATZONEOPS_mp_MIXEDITERMETHOD","UnsatZoneOps.f90","0x1404e48b0"
"_libm_exp_l9","196.532","0","0","Simulation2015_x64.exe","_libm_exp_l9","[Unknown]","0x1400b4ec0"
"PACKAGE_MATRIX_mp_UPDATECOEFF","175.253","0","0","Simulation2015_x64.exe","PACKAGE_MATRIX_mp_UPDATECOEFF","Package_Matrix.f90","0x140443060"
"PACKAGE_MATRIX_mp_PGMRES","134.032","0","0","Simulation2015_x64.exe","PACKAGE_MATRIX_mp_PGMRES","Package_Matrix.f90","0x1408fe600"
"CLASS_NONPONDEDAGLANDUSEGW_mp_NONPONDEDAGLANDUSE_SIMULATE","129.127","0","0","Simulation2015_x64.exe","CLASS_NONPONDEDAGLANDUSEGW_mp_NONPONDEDAGLANDUSE_SIMULATE","Class_NonPondedAgLandUseGW.f90","0x140565750"
"CLASS_APPGW_mp_APPLYHORIZONTALFLOWS","112.682","0","0","Simulation2015_x64.exe","CLASS_APPGW_mp_APPLYHORIZONTALFLOWS","Class_AppGW.f90","0x140907070"
"ROOTZONE_V41_mp_ROOTZONE_V41_SIMULATE","91.7391","0","0","Simulation2015_x64.exe","ROOTZONE_V41_mp_ROOTZONE_V41_SIMULATE","RootZone_v41.f90","0x140561450"
"CLASS_PONDEDAGLANDUSEGW_mp_PONDEDAGLANDUSE_SIMULATE","86.546","0","0","Simulation2015_x64.exe","CLASS_PONDEDAGLANDUSEGW_mp_PONDEDAGLANDUSE_SIMULATE","Class_PondedAgLandUseGW.f90","0x140566d30"
"UNSATZONEOPS_mp_KUNSAT","77.0275","0","0","Simulation2015_x64.exe","UNSATZONEOPS_mp_KUNSAT","UnsatZoneOps.f90","0x1404e4f70"
"CLASS_STRMGWCONNECTOR_V42_mp_STRMGWCONNECTOR_V42_GETFLOWATGWNODE","64.7161","0","0","Simulation2015_x64.exe","CLASS_STRMGWCONNECTOR_V42_mp_STRMGWCONNECTOR_V42_GETFLOWATGWNODE","Class_StrmGWConnector_v42.f90","0x140421570"
"PACKAGE_APPSMALLWATERSHED_mp_GETNETBCFLOWWITHBCTYPE","62.5527","0","0","Simulation2015_x64.exe","PACKAGE_APPSMALLWATERSHED_mp_GETNETBCFLOWWITHBCTYPE","Package_AppSmallWatershed.f90","0x140449eb0"
"ROOTZONE_V41_mp_ROOTZONE_V41_GETPERCALL","53.5145","0","0","Simulation2015_x64.exe","ROOTZONE_V41_mp_ROOTZONE_V41_GETPERCALL","RootZone_v41.f90","0x14052c680"
"CLASS_GWZBUDGET_mp_PRINTRESULTS","44.005","0","0","Simulation2015_x64.exe","CLASS_GWZBUDGET_mp_PRINTRESULTS","Class_GWZBudget.f90","0x1408a68f0"
"ROOTZONE_V41_mp_ROOTZONE_V41_GETFLOWSTOSTREAMS","41.8619","0","0","Simulation2015_x64.exe","ROOTZONE_V41_mp_ROOTZONE_V41_GETFLOWSTOSTREAMS","RootZone_v41.f90","0x14052d8d0"
"ROOTZONE_V41_mp_COMPUTEUPSTRMELEMRUNOFFTOLANDUSE","41.7315","0","0","Simulation2015_x64.exe","ROOTZONE_V41_mp_COMPUTEUPSTRMELEMRUNOFFTOLANDUSE","RootZone_v41.f90","0x14056a210"
"CLASS_APPGW_mp_SIMULATE","41.1746","0","0","Simulation2015_x64.exe","CLASS_APPGW_mp_SIMULATE","Class_AppGW.f90","0x1409039e0"
"_intel_avx_rep_memset","37.4451","0","0","Simulation2015_x64.exe","_intel_avx_rep_memset","[Unknown]","0x1400c0100"
"RtlFreeHeap","36.687","0.0050183","0","ntdll.dll","RtlFreeHeap","[Unknown]","0x180026690"
"GMRES","36.6676","0","0","Simulation2015_x64.exe","GMRES","pgmres.f","0x140900670"
"PACKAGE_MATRIX_mp_CONVERTTOCRSFORMAT","34.9962","0","0","Simulation2015_x64.exe","PACKAGE_MATRIX_mp_CONVERTTOCRSFORMAT","Package_Matrix.f90","0x1408fe0b0"
"CLASS_BASEROOTZONE_mp_TRACKMOISTUREDUETOSOURCE","33.4873","0","0","Simulation2015_x64.exe","CLASS_BASEROOTZONE_mp_TRACKMOISTUREDUETOSOURCE","Class_BaseRootZone.f90","0x1404e5490"
"UNSATZONEOPS_mp_DKUNSAT","30.1646","0","0","Simulation2015_x64.exe","UNSATZONEOPS_mp_DKUNSAT","UnsatZoneOps.f90","0x1404e5190"
"for_backspace","26.9731","0","0","Simulation2015_x64.exe","for_backspace","[Unknown]","0x140052090"
"CLASS_APPSUBSIDENCE_mp_SIMULATE","22.7009","0","0","Simulation2015_x64.exe","CLASS_APPSUBSIDENCE_mp_SIMULATE","Class_AppSubsidence.f90","0x14090a740"
"PACKAGE_MATRIX_mp_LOCALNODE_TO_GLOBALNODE_SCALAR","20.7117","0","0","Simulation2015_x64.exe","PACKAGE_MATRIX_mp_LOCALNODE_TO_GLOBALNODE_SCALAR","Package_Matrix.f90","0x1405d2ab0"
"CLASS_NATIVERIPARIANLANDUSEGW_mp_NATIVERIPARIANLANDUSE_SIMULATE","18.8048","0","0","Simulation2015_x64.exe","CLASS_NATIVERIPARIANLANDUSEGW_mp_NATIVERIPARIANLANDUSE_SIMULATE","Class_NativeRiparianLandUseGW.f90","0x14056dc10"
"CLASS_URBANLANDUSEGW_mp_URBANLANDUSE_SIMULATE","17.1002","0","0","Simulation2015_x64.exe","CLASS_URBANLANDUSEGW_mp_URBANLANDUSE_SIMULATE","Class_UrbanLandUseGW.f90","0x14056bc10"
"memcpy","16.2922","0","0","Simulation2015_x64.exe","memcpy","memcpy.asm","0x140943320"
"log","14.5237","0","0","Simulation2015_x64.exe","log","[Unknown]","0x1400b1000"
"CLASS_APPGW_mp_GETSUPPLY","14.3319","0","0","Simulation2015_x64.exe","CLASS_APPGW_mp_GETSUPPLY","Class_AppGW.f90","0x140912d10"
"exp","14.094","0","0","Simulation2015_x64.exe","exp","[Unknown]","0x1400b1020"
"CLASS_APPGW_mp_APPLYVERTICALFLOWS","12.3741","0","0","Simulation2015_x64.exe","CLASS_APPGW_mp_APPLYVERTICALFLOWS","Class_AppGW.f90","0x14090ae20"
"RAINFALLRUNOFF_mp_SCSMETHOD_HELP","12.2437","0","0","Simulation2015_x64.exe","RAINFALLRUNOFF_mp_SCSMETHOD_HELP","RainfallRunoff.f90","0x1404e53e0"
"PACKAGE_APPUNSATZONE_mp_SIMULATE","11.5725","0","0","Simulation2015_x64.exe","PACKAGE_APPUNSATZONE_mp_SIMULATE","Package_AppUnsatZone.f90","0x140914f30"
"func@0x180028840","11.475","0.0575325","0","ntdll.dll","func@0x180028840","[Unknown]","0x180028840"
"ROOTZONE_V41_mp_ROOTZONE_V41_ADVANCESTATE","10.7964","0","0","Simulation2015_x64.exe","ROOTZONE_V41_mp_ROOTZONE_V41_ADVANCESTATE","RootZone_v41.f90","0x140571940"
"DISTDOT","10.4423","0","0","Simulation2015_x64.exe","DISTDOT","pgmres.f","0x1403e1910"
"CLASS_APPGW_mp_APPLYCHANGEINSTORAGE","9.62688","0","0","Simulation2015_x64.exe","CLASS_APPGW_mp_APPLYCHANGEINSTORAGE","Class_AppGW.f90","0x140907e40"
"_intel_avx_rep_memcpy","8.36207","0","0","Simulation2015_x64.exe","_intel_avx_rep_memcpy","[Unknown]","0x1400bc300"
"_libm_exp_e7","7.64102","0","0","Simulation2015_x64.exe","_libm_exp_e7","[Unknown]","0x1400b4bb0"
"CLASS_PUMPING_mp_DISTRIBUTEPUMPTONODES","7.51751","0","0","Simulation2015_x64.exe","CLASS_PUMPING_mp_DISTRIBUTEPUMPTONODES","Class_Pumping.f90","0x14062c730"
"cvtas_t_to_a","6.92011","0","0","Simulation2015_x64.exe","cvtas_t_to_a","[Unknown]","0x1400a1b80"
"_chkstk","6.77018","0","0","Simulation2015_x64.exe","_chkstk","chkstk.asm","0x1409432c0"
"WriteFile","6.0465","0","0","KERNELBASE.dll","WriteFile","[Unknown]","0x1800426b0"
"CLASS_APPGW_mp_GETPUMPACTUAL","5.67522","0","0","Simulation2015_x64.exe","CLASS_APPGW_mp_GETPUMPACTUAL","Class_AppGW.f90","0x1408fb340"
"CLASS_APPGRID_mp_ELEMDATA_TO_NODEDATA","5.66296","0","0","Simulation2015_x64.exe","CLASS_APPGRID_mp_ELEMDATA_TO_NODEDATA","Class_AppGrid.f90","0x140905fd0"
"PACKAGE_MODEL_mp_CONVERGENCE","5.27092","0","0","Simulation2015_x64.exe","PACKAGE_MODEL_mp_CONVERGENCE","Package_Model.f90","0x1408f69c0"
"CLASS_NONPONDEDAGLANDUSEGW_mp_NONPONDEDAGLANDUSE_COMPUTEWATERDEMAND","5.25652","0","0","Simulation2015_x64.exe","CLASS_NONPONDEDAGLANDUSEGW_mp_NONPONDEDAGLANDUSE_COMPUTEWATERDEMAND","Class_NonPondedAgLandUseGW.f90","0x140559460"
"CLASS_APPGW_mp_GETPUMPINGATELEMENTLAYERNODE","5.1727","0","0","Simulation2015_x64.exe","CLASS_APPGW_mp_GETPUMPINGATELEMENTLAYERNODE","Class_AppGW.f90","0x1408b0330"
"FlsGetValue","4.71938","0","0","KERNELBASE.dll","FlsGetValue","[Unknown]","0x180057c70"
"RtlRestoreLastWin32Error","4.51271","0","0","ntdll.dll","RtlRestoreLastWin32Error","[Unknown]","0x1800415f0"
"CLASS_GWZBUDGET_mp_COMPUTEFACEFLOWATNODE","4.43522","0","0","Simulation2015_x64.exe","CLASS_GWZBUDGET_mp_COMPUTEFACEFLOWATNODE","Class_GWZBudget.f90","0x1408b3bc0"
"getptd_noexit","3.85428","0","0","Simulation2015_x64.exe","getptd_noexit","tidtable.c","0x140948cdc"
"ROOTZONE_V41_mp_ROOTZONE_V41_GETELEMENTWATERDEMAND_AG","3.73553","0","0","Simulation2015_x64.exe","ROOTZONE_V41_mp_ROOTZONE_V41_GETELEMENTWATERDEMAND_AG","RootZone_v41.f90","0x140526220"
"cvt_ieee_t_to_text_ex","3.43105","0","0","Simulation2015_x64.exe","cvt_ieee_t_to_text_ex","[Unknown]","0x1400934c0"
"for__interp_fmt","3.42622","0","0","Simulation2015_x64.exe","for__interp_fmt","[Unknown]","0x140085730"
"for__acquire_semaphore_threaded","3.32039","0","0","Simulation2015_x64.exe","for__acquire_semaphore_threaded","[Unknown]","0x140065780"
"CLASS_PUMPING_mp_UPDATEPUMPACTUALANDNODEFACTORS","3.31116","0","0","Simulation2015_x64.exe","CLASS_PUMPING_mp_UPDATEPUMPACTUALANDNODEFACTORS","Class_Pumping.f90","0x14062def0"
"VERTICALFLOW_mp_VERTICALFLOW_COMPUTEATNODESLAYER","3.27505","0","0","Simulation2015_x64.exe","VERTICALFLOW_mp_VERTICALFLOW_COMPUTEATNODESLAYER","VerticalFlow.f90","0x1408b9730"
"ROOTZONE_V41_mp_REGIONALDEMAND","3.0175","0","0","Simulation2015_x64.exe","ROOTZONE_V41_mp_REGIONALDEMAND","RootZone_v41.f90","0x1405605b0"
"ROOTZONE_V41_mp_REGIONALMOISTSTORAGE","2.84897","0","0","Simulation2015_x64.exe","ROOTZONE_V41_mp_REGIONALMOISTSTORAGE","RootZone_v41.f90","0x1405515d0"
"ROOTZONE_V41_mp_REGIONALREUSE","2.67483","0","0","Simulation2015_x64.exe","ROOTZONE_V41_mp_REGIONALREUSE","RootZone_v41.f90","0x140734a30"
"PROCESSFLOWTYPES_ip_COMPILEFLOWTYPEELEMENTS","2.60802","0","0","Simulation2015_x64.exe","PROCESSFLOWTYPES_ip_COMPILEFLOWTYPEELEMENTS","Class_GWZBudget.f90","0x14035c570"
"PROCESSFLOWTYPES_ip_ADDFLOWTYPETOELEMENTS_BYNODE","2.59188","0","0","Simulation2015_x64.exe","PROCESSFLOWTYPES_ip_ADDFLOWTYPETOELEMENTS_BYNODE","Class_GWZBudget.f90","0x14035c000"
"ROOTZONE_V41_mp_ZEROREDISTRIBUTEDMOIST","2.58144","0","0","Simulation2015_x64.exe","ROOTZONE_V41_mp_ZEROREDISTRIBUTEDMOIST","RootZone_v41.f90","0x140544920"
"for_write_int_fmt_xmit","2.39337","0","0","Simulation2015_x64.exe","for_write_int_fmt_xmit","[Unknown]","0x14003f3a0"
"ROOTZONE_V41_mp_REGIONALINFILTRATION","2.38935","0","0","Simulation2015_x64.exe","ROOTZONE_V41_mp_REGIONALINFILTRATION","RootZone_v41.f90","0x14073a530"
"ROOTZONE_V41_mp_COMPUTEDEMANDSUPPLYRELATEDFRACS","2.3883","0","0","Simulation2015_x64.exe","ROOTZONE_V41_mp_COMPUTEDEMANDSUPPLYRELATEDFRACS","RootZone_v41.f90","0x14055c310"
"ROOTZONE_V41_mp_REGIONALPERC","2.24216","0","0","Simulation2015_x64.exe","ROOTZONE_V41_mp_REGIONALPERC","RootZone_v41.f90","0x140737790"
"CLASS_STRMGWCONNECTOR_V42_mp_STRMGWCONNECTOR_V42_SIMULATE","2.23933","0","0","Simulation2015_x64.exe","CLASS_STRMGWCONNECTOR_V42_mp_STRMGWCONNECTOR_V42_SIMULATE","Class_StrmGWConnector_v42.f90","0x140424aa0"
"PACKAGE_MODEL_mp_SIMULATEONETIMESTEP","2.20716","0","0","Simulation2015_x64.exe","PACKAGE_MODEL_mp_SIMULATEONETIMESTEP","Package_Model.f90","0x1408e1dd0"
"CLASS_APPGW_mp_GETELEMENTSTORAGEATLAYER","2.1536","0","0","Simulation2015_x64.exe","CLASS_APPGW_mp_GETELEMENTSTORAGEATLAYER","Class_AppGW.f90","0x1408b2530"
"ReadFile","2.05206","0","0","KERNELBASE.dll","ReadFile","[Unknown]","0x180042c50"
"CLASS_BASEROOTZONE_mp_COMPUTEREGIONALETPOT_MULTIPLELUPERELEM","2.0282","0","0","Simulation2015_x64.exe","CLASS_BASEROOTZONE_mp_COMPUTEREGIONALETPOT_MULTIPLELUPERELEM","Class_BaseRootZone.f90","0x1404b0c40"
"ROOTZONE_V41_mp_REGIONALLUAREA","2.0127","0","0","Simulation2015_x64.exe","ROOTZONE_V41_mp_REGIONALLUAREA","RootZone_v41.f90","0x140722800"
"ROOTZONE_V41_mp_REGIONALSOILMCHANGE","1.96244","0","0","Simulation2015_x64.exe","ROOTZONE_V41_mp_REGIONALSOILMCHANGE","RootZone_v41.f90","0x14073b6b0"
"ROOTZONE_V41_mp_REGIONALPRECIP","1.95006","0","0","Simulation2015_x64.exe","ROOTZONE_V41_mp_REGIONALPRECIP","RootZone_v41.f90","0x14073ddd0"
"intel_fast_memcmp","1.94002","0","0","Simulation2015_x64.exe","intel_fast_memcmp","[Unknown]","0x1400b86c0"
"errno","1.93644","0","0","Simulation2015_x64.exe","errno","dosmap.c","0x1409469e4"
"ROOTZONE_V41_mp_REGIONALETA","1.90311","0","0","Simulation2015_x64.exe","ROOTZONE_V41_mp_REGIONALETA","RootZone_v41.f90","0x140738b30"
"CLASS_STRATIGRAPHY_mp_GETACTIVELAYERBELOW","1.8991","0","0","Simulation2015_x64.exe","CLASS_STRATIGRAPHY_mp_GETACTIVELAYERBELOW","Class_Stratigraphy.f90","0x1404104d0"
"ROOTZONE_V41_mp_REGIONALRUNOFF","1.87648","0","0","Simulation2015_x64.exe","ROOTZONE_V41_mp_REGIONALRUNOFF","RootZone_v41.f90","0x14073c710"
"for__format_value","1.85613","0","0","Simulation2015_x64.exe","for__format_value","[Unknown]","0x140082f60"
"CLASS_NONPONDEDAGLANDUSEGW_mp_NONPONDEDAGLANDUSE_READTSDATA","1.81643","0","0","Simulation2015_x64.exe","CLASS_NONPONDEDAGLANDUSEGW_mp_NONPONDEDAGLANDUSE_READTSDATA","Class_NonPondedAgLandUseGW.f90","0x14053ca60"
"PROCESSFLOWTYPES_ip_ADDFLOWTYPETOELEMENTS_BYELEMENT","1.7709","0","0","Simulation2015_x64.exe","PROCESSFLOWTYPES_ip_ADDFLOWTYPETOELEMENTS_BYELEMENT","Class_GWZBudget.f90","0x14035c1a0"
"for__get_s","1.63908","0","0","Simulation2015_x64.exe","for__get_s","[Unknown]","0x14007c120"
"CLASS_APPSTREAM_V42_mp_APPSTREAM_V42_SIMULATE","1.61782","0","0","Simulation2015_x64.exe","CLASS_APPSTREAM_V42_mp_APPSTREAM_V42_SIMULATE","Class_AppStream_v42.f90","0x14063f6a0"
"ROOTZONE_V41_mp_REGIONALRETURN","1.49464","0","0","Simulation2015_x64.exe","ROOTZONE_V41_mp_REGIONALRETURN","RootZone_v41.f90","0x1407334c0"
"CLASS_APPSUBSIDENCE_mp_UPDATESUBSIDENCE","1.43302","0","0","Simulation2015_x64.exe","CLASS_APPSUBSIDENCE_mp_UPDATESUBSIDENCE","Class_AppSubsidence.f90","0x140918f90"
"CLASS_GRID_mp_FEINTERPOLATE","1.40488","0","0","Simulation2015_x64.exe","CLASS_GRID_mp_FEINTERPOLATE","Class_Grid.f90","0x1402f3680"
"CLASS_APPGW_mp_GETSUPPLYADJUSTDATA","1.37036","0","0","Simulation2015_x64.exe","CLASS_APPGW_mp_GETSUPPLYADJUSTDATA","Class_AppGW.f90","0x1408f4360"
"for__desc_ret_item","1.2958","0","0","Simulation2015_x64.exe","for__desc_ret_item","[Unknown]","0x140078f20"
"ROOTZONE_V41_mp_REGIONALETOTH","1.26071","0","0","Simulation2015_x64.exe","ROOTZONE_V41_mp_REGIONALETOTH","RootZone_v41.f90","0x1407276b0"
"ROOTZONE_V41_mp_REGIONALAGRAWDEMAND","1.25107","0","0","Simulation2015_x64.exe","ROOTZONE_V41_mp_REGIONALAGRAWDEMAND","RootZone_v41.f90","0x140725b40"
"for_dealloc_allocatable","1.23987","0","0","Simulation2015_x64.exe","for_dealloc_allocatable","[Unknown]","0x1400162d0"
"ROOTZONE_V41_mp_REGIONALETAW","1.22013","0","0","Simulation2015_x64.exe","ROOTZONE_V41_mp_REGIONALETAW","RootZone_v41.f90","0x140729250"
"GetLastError","1.21089","0","0","KERNELBASE.dll","GetLastError","[Unknown]","0x180013f80"
"CLASS_APPGW_mp_COMPUTEREGIONALSTORAGE","1.20549","0","0","Simulation2015_x64.exe","CLASS_APPGW_mp_COMPUTEREGIONALSTORAGE","Class_AppGW.f90","0x140325ca0"
"CLASS_BASEROOTZONE_mp_COMPUTEREGIONALETPOT_SINGLELUPERELEM","1.17532","0","0","Simulation2015_x64.exe","CLASS_BASEROOTZONE_mp_COMPUTEREGIONALETPOT_SINGLELUPERELEM","Class_BaseRootZone.f90","0x1404b1690"
"ROOTZONE_V41_mp_REGIONALETP","1.17515","0","0","Simulation2015_x64.exe","ROOTZONE_V41_mp_REGIONALETP","RootZone_v41.f90","0x140728480"
"for_allocate","1.14945","0","0","Simulation2015_x64.exe","for_allocate","[Unknown]","0x140015d00"
"ROOTZONE_V41_mp_ROOTZONE_V41_SETSUPPLYTOELEM","1.11964","0","0","Simulation2015_x64.exe","ROOTZONE_V41_mp_ROOTZONE_V41_SETSUPPLYTOELEM","RootZone_v41.f90","0x14052f6e0"
"ROOTZONE_V41_mp_ROOTZONE_V41_PRINTRESULTS","1.10524","0","0","Simulation2015_x64.exe","ROOTZONE_V41_mp_ROOTZONE_V41_PRINTRESULTS","RootZone_v41.f90","0x14071d050"
"PACKAGE_APPSMALLWATERSHED_mp_UPDATERHS","1.05493","0","0","Simulation2015_x64.exe","PACKAGE_APPSMALLWATERSHED_mp_UPDATERHS","Package_AppSmallWatershed.f90","0x140914430"
"ROOTZONE_V41_mp_REDISTRIBUTEMOIST","1.04597","0","0","Simulation2015_x64.exe","ROOTZONE_V41_mp_REDISTRIBUTEMOIST","RootZone_v41.f90","0x140545340"
"CLASS_BASEAPPSTREAM_mp_GETSUPPLY","1.02876","0","0","Simulation2015_x64.exe","CLASS_BASEAPPSTREAM_mp_GETSUPPLY","Class_BaseAppStream.f90","0x140590440"
"ROOTZONE_V41_mp_ROOTZONE_V41_ZEROSUPPLY","1.01123","0","0","Simulation2015_x64.exe","ROOTZONE_V41_mp_ROOTZONE_V41_ZEROSUPPLY","RootZone_v41.f90","0x140570b10"
"malloc","0.989186","0","0","Simulation2015_x64.exe","malloc","malloc.c","0x140943bd0"
"CLASS_APPGW_mp_WRITEGWFLOWSTOBUDFILE","0.982351","0","0","Simulation2015_x64.exe","CLASS_APPGW_mp_WRITEGWFLOWSTOBUDFILE","Class_AppGW.f90","0x1408b9f50"
"CLASS_PONDEDAGLANDUSEGW_mp_PONDEDAGLANDUSE_COMPUTEWATERDEMAND","0.979601","0","0","Simulation2015_x64.exe","CLASS_PONDEDAGLANDUSEGW_mp_PONDEDAGLANDUSE_COMPUTEWATERDEMAND","Class_PondedAgLandUseGW.f90","0x14055b030"
"SUPPLYDESTINATIONCONNECTOR_mp_SUPPLY_SETSUPPLYSPECS","0.975187","0","0","Simulation2015_x64.exe","SUPPLYDESTINATIONCONNECTOR_mp_SUPPLY_SETSUPPLYSPECS","SupplyDestinationConnector.f90","0x1408f61a0"
"cvtas_a_to_t","0.961793","0","0","Simulation2015_x64.exe","cvtas_a_to_t","[Unknown]","0x1400a73c0"
"for_read_seq_fmt_xmit","0.911165","0","0","Simulation2015_x64.exe","for_read_seq_fmt_xmit","[Unknown]","0x1400588a0"
"_crtFlsGetValue","0.911046","0","0","Simulation2015_x64.exe","_crtFlsGetValue","winapisupp.c","0x14094dd38"
"CLASS_PONDEDAGLANDUSEGW_mp_PONDEDAGLANDUSE_READTSDATA","0.900969","0","0","Simulation2015_x64.exe","CLASS_PONDEDAGLANDUSEGW_mp_PONDEDAGLANDUSE_READTSDATA","Class_PondedAgLandUseGW.f90","0x14053e740"
"CLASS_PAIREDDATA_mp_PAIREDDATA_INTERPOLATE","0.830333","0","0","Simulation2015_x64.exe","CLASS_PAIREDDATA_mp_PAIREDDATA_INTERPOLATE","Class_PairedData.f90","0x1405f8720"
"for__acquire_lun","0.82707","0","0","Simulation2015_x64.exe","for__acquire_lun","[Unknown]","0x140068940"
"GetLastError","0.816435","0","0","KERNEL32.DLL","GetLastError","[Unknown]","0x180006240"
"PACKAGE_MATRIX_mp_SOLVE","0.80908","0","0","Simulation2015_x64.exe","PACKAGE_MATRIX_mp_SOLVE","Package_Matrix.f90","0x1408fd330"
"RtlAllocateHeap","0.802805","0","0","ntdll.dll","RtlAllocateHeap","[Unknown]","0x1800287c0"
"CLASS_PAIREDDATA_mp_PAIREDDATA_DERIVATIVE","0.790675","0","0","Simulation2015_x64.exe","CLASS_PAIREDDATA_mp_PAIREDDATA_DERIVATIVE","Class_PairedData.f90","0x14040edd0"
"aligned_malloc","0.747957","0","0","Simulation2015_x64.exe","aligned_malloc","align.c","0x140944998"
"PACKAGE_APPPUMPING_mp_SIMULATE","0.698095","0","0","Simulation2015_x64.exe","PACKAGE_APPPUMPING_mp_SIMULATE","Package_AppPumping.f90","0x14090de70"
"intel_fast_memset","0.688621","0","0","Simulation2015_x64.exe","intel_fast_memset","[Unknown]","0x1400b8250"
"SUPPLYADJUSTMENT_mp_TAGADJUSTABLESUPPLIES","0.674614","0","0","Simulation2015_x64.exe","SUPPLYADJUSTMENT_mp_TAGADJUSTABLESUPPLIES","SupplyAdjustment.f90","0x1408f1430"
"SetLastError","0.63785","0","0","KERNEL32.DLL","SetLastError","[Unknown]","0x1800064b0"
"SUPPLYADJUSTMENT_mp_ADJUSTSUPPLIES","0.599796","0","0","Simulation2015_x64.exe","SUPPLYADJUSTMENT_mp_ADJUSTSUPPLIES","SupplyAdjustment.f90","0x1408efc00"
"FlsGetValue","0.586081","0","0","KERNEL32.DLL","FlsGetValue","[Unknown]","0x180007350"
"ADJUSTSUPPLIES_ip_ADJUST","0.571907","0","0","Simulation2015_x64.exe","ADJUSTSUPPLIES_ip_ADJUST","SupplyAdjustment.f90","0x1408f0860"
"memset","0.562639","0","0","Simulation2015_x64.exe","memset","memset.asm","0x140943ca0"
"PACKAGE_APPPUMPING_mp_GETSUBREGIONALPUMPING","0.54376","0","0","Simulation2015_x64.exe","PACKAGE_APPPUMPING_mp_GETSUBREGIONALPUMPING","Package_AppPumping.f90","0x1408c1f40"
"intel_fast_memcpy","0.536627","0","0","Simulation2015_x64.exe","intel_fast_memcpy","[Unknown]","0x1400b81a0"
"for_read_seq_fmt","0.534184","0","0","Simulation2015_x64.exe","for_read_seq_fmt","[Unknown]","0x140055fd0"
"PACKAGE_APPUNSATZONE_mp_UPDATESTORAGE","0.530348","0","0","Simulation2015_x64.exe","PACKAGE_APPUNSATZONE_mp_UPDATESTORAGE","Package_AppUnsatZone.f90","0x140917990"
"CLASS_APPDIVERBYPASS_mp_APPDIVERBYPASS_COMPUTEBYPASS","0.52651","0","0","Simulation2015_x64.exe","CLASS_APPDIVERBYPASS_mp_APPDIVERBYPASS_COMPUTEBYPASS","Class_AppDiverBypass.f90","0x1405d2b40"
"for__cvt_value","0.525801","0","0","Simulation2015_x64.exe","for__cvt_value","[Unknown]","0x140083eb0"
"ROOTZONE_V41_mp_REGIONALDRAIN","0.512481","0","0","Simulation2015_x64.exe","ROOTZONE_V41_mp_REGIONALDRAIN","RootZone_v41.f90","0x140731920"
"CLASS_APPGW_mp_GETNODALPUMPACTUAL","0.509441","0","0","Simulation2015_x64.exe","CLASS_APPGW_mp_GETNODALPUMPACTUAL","Class_AppGW.f90","0x140897de0"
"CLASS_STRATIGRAPHY_mp_GETLAYERNUMBERFORELEVATION","0.493028","0","0","Simulation2015_x64.exe","CLASS_STRATIGRAPHY_mp_GETLAYERNUMBERFORELEVATION","Class_Stratigraphy.f90","0x1402d74b0"
"ROOTZONE_V41_mp_REGIONALDELIVERIES","0.490752","0","0","Simulation2015_x64.exe","ROOTZONE_V41_mp_REGIONALDELIVERIES","RootZone_v41.f90","0x1407213f0"
"func@0x140029420","0.472931","0","0","Simulation2015_x64.exe","func@0x140029420","[Unknown]","0x140029420"
"CLASS_BASEAPPSTREAM_mp_GETELEMRECVLOSSES","0.472578","0","0","Simulation2015_x64.exe","CLASS_BASEAPPSTREAM_mp_GETELEMRECVLOSSES","Class_BaseAppStream.f90","0x140590a80"
"ROOTZONE_V41_mp_REGIONALPUMPING","0.459781","0","0","Simulation2015_x64.exe","ROOTZONE_V41_mp_REGIONALPUMPING","RootZone_v41.f90","0x14072a020"
"ROOTZONE_V41_mp_PROCESSLANDUSEAREAS","0.428412","0","0","Simulation2015_x64.exe","ROOTZONE_V41_mp_PROCESSLANDUSEAREAS","RootZone_v41.f90","0x1405401d0"
"PACKAGE_APPUNSATZONE_mp_PRINTRESULTSTOZBUDGETFILE","0.415691","0","0","Simulation2015_x64.exe","PACKAGE_APPUNSATZONE_mp_PRINTRESULTSTOZBUDGETFILE","Package_AppUnsatZone.f90","0x1408cd550"
"ROOTZONE_V41_mp_ROOTZONE_V41_SETACTUALRIPARIANET_ATSTRMNODES","0.410427","0","0","Simulation2015_x64.exe","ROOTZONE_V41_mp_ROOTZONE_V41_SETACTUALRIPARIANET_ATSTRMNODES","RootZone_v41.f90","0x14052f480"
"PACKAGE_APPUNSATZONE_mp_PRINTRESULTSTOBUDFILE","0.409644","0","0","Simulation2015_x64.exe","PACKAGE_APPUNSATZONE_mp_PRINTRESULTSTOBUDFILE","Package_AppUnsatZone.f90","0x1408cbe40"
"CLASS_TECPLOTOUTPUT_mp_PRINTRESULTS","0.40645","0","0","Simulation2015_x64.exe","CLASS_TECPLOTOUTPUT_mp_PRINTRESULTS","Class_TecplotOutput.f90","0x1408c39a0"
"ROOTZONE_V41_mp_ROOTZONE_V41_GETWATERSUPPLY_URB","0.398896","0","0","Simulation2015_x64.exe","ROOTZONE_V41_mp_ROOTZONE_V41_GETWATERSUPPLY_URB","RootZone_v41.f90","0x1405234f0"
"UNSATZONEOPS_mp_NONPONDEDCROPDEMAND","0.373961","0","0","Simulation2015_x64.exe","UNSATZONEOPS_mp_NONPONDEDCROPDEMAND","UnsatZoneOps.f90","0x1404ced70"
"CLASS_APPGW_mp_RESETACTUALPUMPING","0.366569","0","0","Simulation2015_x64.exe","CLASS_APPGW_mp_RESETACTUALPUMPING","Class_AppGW.f90","0x1408e8530"
"CLASS_STRMGWCONNECTOR_V42_mp_STRMGWCONNECTOR_V42_GETGWHEADSATSTRMNODES","0.356668","0","0","Simulation2015_x64.exe","CLASS_STRMGWCONNECTOR_V42_mp_STRMGWCONNECTOR_V42_GETGWHEADSATSTRMNODES","Class_StrmGWConnector_v42.f90","0x140422050"
"PACKAGE_APPPUMPING_mp_APPPUMPING_READTSDATA","0.347541","0","0","Simulation2015_x64.exe","PACKAGE_APPPUMPING_mp_APPPUMPING_READTSDATA","Package_AppPumping.f90","0x1408d9330"
"H5SL_search","0.335297","0","0","Simulation2015_x64.exe","H5SL_search","[Unknown]","0x1401a3050"
"ADDFLOWTYPETOELEMENTS_BYELEMENT","0.330636","0","0","Simulation2015_x64.exe","ADDFLOWTYPETOELEMENTS_BYELEMENT","Class_GWZBudget.f90","0x14035c3b0"
"CLASS_APPGW_mp_GETELEMENTDEPTHTOGW","0.325894","0","0","Simulation2015_x64.exe","CLASS_APPGW_mp_GETELEMENTDEPTHTOGW","Class_AppGW.f90","0x1403269f0"
"free","0.319493","0","0","Simulation2015_x64.exe","free","free.c","0x140943ad8"
"PACKAGE_APPUNSATZONE_mp_ADVANCESTATE","0.313892","0","0","Simulation2015_x64.exe","PACKAGE_APPUNSATZONE_mp_ADVANCESTATE","Package_AppUnsatZone.f90","0x140922c50"
"aligned_free","0.303437","0","0","Simulation2015_x64.exe","aligned_free","align.c","0x14094497c"
"for_write_seq_fmt_xmit","0.302659","0","0","Simulation2015_x64.exe","for_write_seq_fmt_xmit","[Unknown]","0x14005f550"
"for_read_seq_lis_xmit","0.282313","0","0","Simulation2015_x64.exe","for_read_seq_lis_xmit","[Unknown]","0x140026450"
"for__release_lun","0.270881","0","0","Simulation2015_x64.exe","for__release_lun","[Unknown]","0x14006a350"
"CLASS_STRMGWCONNECTOR_V42_mp_STRMGWCONNECTOR_V42_COMPUTESTRMGWFLOW_ATMINHEAD","0.256564","0","0","Simulation2015_x64.exe","CLASS_STRMGWCONNECTOR_V42_mp_STRMGWCONNECTOR_V42_COMPUTESTRMGWFLOW_ATMINHEAD","Class_StrmGWConnector_v42.f90","0x140425910"
"CLASS_STRMGWCONNECTOR_V42_mp_STRMGWCONNECTOR_V42_GETSUBREGIONALFLOWS","0.254055","0","0","Simulation2015_x64.exe","CLASS_STRMGWCONNECTOR_V42_mp_STRMGWCONNECTOR_V42_GETSUBREGIONALFLOWS","Class_StrmGWConnector_v42.f90","0x140420a30"
"func@0x1401e79f0","0.247457","0","0","Simulation2015_x64.exe","func@0x1401e79f0","[Unknown]","0x1401e79f0"
"ROOTZONE_V41_mp_ROOTZONE_V41_GETELEMENTWATERDEMAND_URB","0.221556","0","0","Simulation2015_x64.exe","ROOTZONE_V41_mp_ROOTZONE_V41_GETELEMENTWATERDEMAND_URB","RootZone_v41.f90","0x140526a10"
"CLASS_APPGW_mp_COMPUTENODALPUMPACTUAL","0.220357","0","0","Simulation2015_x64.exe","CLASS_APPGW_mp_COMPUTENODALPUMPACTUAL","Class_AppGW.f90","0x1408fc270"
"func@0x1401e5fa0","0.217792","0","0","Simulation2015_x64.exe","func@0x1401e5fa0","[Unknown]","0x1401e5fa0"
"CLASS_NATIVERIPARIANLANDUSEGW_mp_NATIVERIPARIANLANDUSE_GETREGIONALRVETFROMSTRM","0.21766","0","0","Simulation2015_x64.exe","CLASS_NATIVERIPARIANLANDUSEGW_mp_NATIVERIPARIANLANDUSE_GETREGIONALRVETFROMSTRM","Class_NativeRiparianLandUseGW.f90","0x140739b90"
"ROOTZONE_V41_mp_ROOTZONE_V41_GETWATERSUPPLY_AG","0.214426","0","0","Simulation2015_x64.exe","ROOTZONE_V41_mp_ROOTZONE_V41_GETWATERSUPPLY_AG","RootZone_v41.f90","0x1405228b0"
"PACKAGE_APPSMALLWATERSHED_mp_GETBOUNDARYFLOWATELEMENTNODELAYER","0.203435","0","0","Simulation2015_x64.exe","PACKAGE_APPSMALLWATERSHED_mp_GETBOUNDARYFLOWATELEMENTNODELAYER","Package_AppSmallWatershed.f90","0x140449bd0"
"func@0x140028ab0","0.202779","0","0","Simulation2015_x64.exe","func@0x140028ab0","[Unknown]","0x140028ab0"
"CLASS_APPGW_mp_GETICOLADJUST","0.19555","0","0","Simulation2015_x64.exe","CLASS_APPGW_mp_GETICOLADJUST","Class_AppGW.f90","0x1408eeb00"
"for_realloc_lhs","0.191157","0","0","Simulation2015_x64.exe","for_realloc_lhs","[Unknown]","0x1400240b0"
"CLASS_BASEAPPSTREAM_mp_GETSUBREGIONALRECVLOSSES","0.184713","0","0","Simulation2015_x64.exe","CLASS_BASEAPPSTREAM_mp_GETSUBREGIONALRECVLOSSES","Class_BaseAppStream.f90","0x140592810"
"func@0x140029060","0.18253","0","0","Simulation2015_x64.exe","func@0x140029060","[Unknown]","0x140029060"
"CLASS_NONPONDEDAGLANDUSEGW_mp_NONPONDEDAGLANDUSE_NEW","0.1776","0","0","Simulation2015_x64.exe","CLASS_NONPONDEDAGLANDUSEGW_mp_NONPONDEDAGLANDUSE_NEW","Class_NonPondedAgLandUseGW.f90","0x1404f6f70"
"for_write_int_fmt","0.170861","0","0","Simulation2015_x64.exe","for_write_int_fmt","[Unknown]","0x14003a230"
"CLASS_APPGW_mp_GETVERTICALFLOWATNODESLAYER","0.168975","0","0","Simulation2015_x64.exe","CLASS_APPGW_mp_GETVERTICALFLOWATNODESLAYER","Class_AppGW.f90","0x1408b1a70"
"PACKAGE_APPPUMPING_mp_RESETIRIGFRACS","0.16864","0","0","Simulation2015_x64.exe","PACKAGE_APPPUMPING_mp_RESETIRIGFRACS","Package_AppPumping.f90","0x1408e0c70"
"for_trim","0.158591","0","0","Simulation2015_x64.exe","for_trim","[Unknown]","0x140015ae0"
"ROOTZONE_V41_mp_ADVANCESTATELOCAL","0.15704","0","0","Simulation2015_x64.exe","ROOTZONE_V41_mp_ADVANCESTATELOCAL","RootZone_v41.f90","0x14054dd60"
"GetCurrentThreadId","0.154102","0","0","KERNEL32.DLL","GetCurrentThreadId","[Unknown]","0x180006150"
"CLASS_APPSTREAM_V42_mp_APPSTREAM_V42_UPDATEHEADS","0.150835","0","0","Simulation2015_x64.exe","CLASS_APPSTREAM_V42_mp_APPSTREAM_V42_UPDATEHEADS","Class_AppStream_v42.f90","0x140642eb0"
"SUPPLYDESTINATIONCONNECTOR_mp_INITSUPPLYTOAGURBANFRACS","0.136154","0","0","Simulation2015_x64.exe","SUPPLYDESTINATIONCONNECTOR_mp_INITSUPPLYTOAGURBANFRACS","SupplyDestinationConnector.f90","0x1409404e0"
"GWHYDROGRAPH_mp_PRINTRESULTS","0.132983","0","0","Simulation2015_x64.exe","GWHYDROGRAPH_mp_PRINTRESULTS","GWHydrograph.f90","0x1408c2f50"
"func@0x14006bc30","0.128731","0","0","Simulation2015_x64.exe","func@0x14006bc30","[Unknown]","0x14006bc30"
"CLASS_ASCIIFILETYPE_mp_WRITEMATRIXDATA_ASCIITSDOUTFILE","0.11935","0","0","Simulation2015_x64.exe","CLASS_ASCIIFILETYPE_mp_WRITEMATRIXDATA_ASCIITSDOUTFILE","Class_AsciiFileType.f90","0x140406270"
"SUPPLYDESTINATIONCONNECTOR_mp_SUPPLY_CHECKSUPPLYDESTINATIONCONNECTION","0.116301","0","0","Simulation2015_x64.exe","SUPPLYDESTINATIONCONNECTOR_mp_SUPPLY_CHECKSUPPLYDESTINATIONCONNECTION","SupplyDestinationConnector.f90","0x140917360"
"HeapFree","0.115677","0","0","KERNEL32.DLL","HeapFree","[Unknown]","0x180006170"
"CLASS_APPGW_mp_ADVANCESTATE","0.112563","0","0","Simulation2015_x64.exe","CLASS_APPGW_mp_ADVANCESTATE","Class_AppGW.f90","0x140922170"
"ROOTZONE_V41_mp_ROOTZONE_V41_READTSDATA","0.102581","0","0","Simulation2015_x64.exe","ROOTZONE_V41_mp_ROOTZONE_V41_READTSDATA","RootZone_v41.f90","0x140535da0"
"CLASS_NATIVERIPARIANLANDUSEGW_mp_NATIVERIPARIANLANDUSE_COMPUTEWATERDEMAND","0.0955316","0","0","Simulation2015_x64.exe","CLASS_NATIVERIPARIANLANDUSEGW_mp_NATIVERIPARIANLANDUSE_COMPUTEWATERDEMAND","Class_NativeRiparianLandUseGW.f90","0x140558a30"
"CLASS_ELEMTORECVLOSS_mp_ELEMTORECVLOSS_GETELEMS","0.0950776","0","0","Simulation2015_x64.exe","CLASS_ELEMTORECVLOSS_mp_ELEMTORECVLOSS_GETELEMS","Class_ElemToRecvLoss.f90","0x1405943e0"
"GWHYDROGRAPH_mp_ALLHEADOUTFILE_PRINTRESULTS","0.0941752","0","0","Simulation2015_x64.exe","GWHYDROGRAPH_mp_ALLHEADOUTFILE_PRINTRESULTS","GWHydrograph.f90","0x1408c4480"
"for__write_output","0.0905375","0","0","Simulation2015_x64.exe","for__write_output","[Unknown]","0x140075af0"
"cvt_text_to_ieee_t_ex","0.0896645","0","0","Simulation2015_x64.exe","cvt_text_to_ieee_t_ex","[Unknown]","0x140094ce0"
"PACKAGE_APPSMALLWATERSHED_mp_GETSUBREGIONALGWINFLOWS","0.0889688","0","0","Simulation2015_x64.exe","PACKAGE_APPSMALLWATERSHED_mp_GETSUBREGIONALGWINFLOWS","Package_AppSmallWatershed.f90","0x1408b5bb0"
"intel_fast_memset","0.0879435","0","0","Simulation2015_x64.exe","intel_fast_memset","[Unknown]","0x1400b8230"
"ROOTZONE_V41_mp_ROOTZONE_V41_GETDEMANDAGAREAS","0.0872302","0","0","Simulation2015_x64.exe","ROOTZONE_V41_mp_ROOTZONE_V41_GETDEMANDAGAREAS","RootZone_v41.f90","0x14052adc0"
"CLASS_ASCIIFILETYPE_mp_READMATRIXDATA_ASCIIINFILE","0.0846065","0","0","Simulation2015_x64.exe","CLASS_ASCIIFILETYPE_mp_READMATRIXDATA_ASCIIINFILE","Class_AsciiFileType.f90","0x1403fc4f0"
"CLASS_APPGW_mp_ISBOUNDARYFLOWNODE","0.0839784","0","0","Simulation2015_x64.exe","CLASS_APPGW_mp_ISBOUNDARYFLOWNODE","Class_AppGW.f90","0x1408b4bb0"
"func@0x1401eb160","0.0838242","0","0","Simulation2015_x64.exe","func@0x1401eb160","[Unknown]","0x1401eb160"
"CLASS_APPGW_mp_GETSUBSIDENCEATLAYER","0.0813671","0","0","Simulation2015_x64.exe","CLASS_APPGW_mp_GETSUBSIDENCEATLAYER","Class_AppGW.f90","0x1408b1120"
"CreateFileA","0.0785387","0","0","KERNELBASE.dll","CreateFileA","[Unknown]","0x180041760"
"IOINTERFACE_mp_WRITESCALARDATA","0.0779398","0","0","Simulation2015_x64.exe","IOINTERFACE_mp_WRITESCALARDATA","IOInterface_NoDSS.f90","0x14057e320"
"H5D__chunk_lookup","0.0728753","0","0","Simulation2015_x64.exe","H5D__chunk_lookup","[Unknown]","0x1401ca720"
"SetFilePointer","0.0727312","0","0","KERNELBASE.dll","SetFilePointer","[Unknown]","0x180058c00"
"for_read_seq_lis","0.0714688","0","0","Simulation2015_x64.exe","for_read_seq_lis","[Unknown]","0x140024ab0"
"for_write_seq_fmt","0.0711932","0","0","Simulation2015_x64.exe","for_write_seq_fmt","[Unknown]","0x14005cd20"
"IOINTERFACE_mp_READREALARRAY","0.062237","0","0","Simulation2015_x64.exe","IOINTERFACE_mp_READREALARRAY","IOInterface_NoDSS.f90","0x1402c3a80"
"CLASS_PUMPING_mp_COMPUTERFPUMPCOL","0.0588258","0","0","Simulation2015_x64.exe","CLASS_PUMPING_mp_COMPUTERFPUMPCOL","Class_Pumping.f90","0x1408db620"
"ROOTZONE_V41_mp_REGIONALUPSTRMELEMFLOW","0.0570465","0","0","Simulation2015_x64.exe","ROOTZONE_V41_mp_REGIONALUPSTRMELEMFLOW","RootZone_v41.f90","0x140721ff0"
"SUPPLYADJUSTMENT_mp_ADJUST","0.0551997","0","0","Simulation2015_x64.exe","SUPPLYADJUSTMENT_mp_ADJUST","SupplyAdjustment.f90","0x1408e9720"
"H5O_msg_iterate_real","0.054541","0","0","Simulation2015_x64.exe","H5O_msg_iterate_real","[Unknown]","0x140129e80"
"func@0x1401e9070","0.0544234","0","0","Simulation2015_x64.exe","func@0x1401e9070","[Unknown]","0x1401e9070"
"for__get_vm","0.0541172","0","0","Simulation2015_x64.exe","for__get_vm","[Unknown]","0x140015c30"
"LOCATEDATE_ip_GETTIMESTAMP","0.0501154","0","0","Simulation2015_x64.exe","LOCATEDATE_ip_GETTIMESTAMP","Class_AsciiFileType.f90","0x140403a70"
"CLASS_ASCIIFILETYPE_mp_WRITESINGLEDATA_ASCIIOUTFILE","0.0495251","0","0","Simulation2015_x64.exe","CLASS_ASCIIFILETYPE_mp_WRITESINGLEDATA_ASCIIOUTFILE","Class_AsciiFileType.f90","0x140405690"
"CLASS_ASCIIFILETYPE_mp_READARRAYDATA_ASCIIINFILE","0.0490791","0","0","Simulation2015_x64.exe","CLASS_ASCIIFILETYPE_mp_READARRAYDATA_ASCIIINFILE","Class_AsciiFileType.f90","0x1403fb800"
"CLASS_HDF5FILETYPE_mp_WRITEMATRIXDATA_TOSPECIFIEDDATASET","0.0489422","0","0","Simulation2015_x64.exe","CLASS_HDF5FILETYPE_mp_WRITEMATRIXDATA_TOSPECIFIEDDATASET","Class_HDF5FileType.f90","0x1403eba20"
"cvt_integer_to_text","0.0449139","0","0","Simulation2015_x64.exe","cvt_integer_to_text","[Unknown]","0x140090d20"
"CLASS_APPBC_mp_ISDEFINED","0.0446633","0","0","Simulation2015_x64.exe","CLASS_APPBC_mp_ISDEFINED","Class_AppBC.f90","0x140448860"
"PACKAGE_APPPUMPING_mp_GETSUBREGIONALRECHARGE","0.0440108","0","0","Simulation2015_x64.exe","PACKAGE_APPPUMPING_mp_GETSUBREGIONALRECHARGE","Package_AppPumping.f90","0x1408c04e0"
"func@0x1400fe8e0","0.0422248","0","0","Simulation2015_x64.exe","func@0x1400fe8e0","[Unknown]","0x1400fe8e0"
"for__acquire_threadstor_threads","0.0397124","0","0","Simulation2015_x64.exe","for__acquire_threadstor_threads","[Unknown]","0x1400654e0"
"CLASS_ASCIIFILETYPE_mp_READSINGLEDATA_ASCIIINFILE","0.0391928","0","0","Simulation2015_x64.exe","CLASS_ASCIIFILETYPE_mp_READSINGLEDATA_ASCIIINFILE","Class_AsciiFileType.f90","0x1403fdb30"
"func@0x1400f2c80","0.0379954","0","0","Simulation2015_x64.exe","func@0x1400f2c80","[Unknown]","0x1400f2c80"
"CreateFileW","0.0353173","0","0","KERNELBASE.dll","CreateFileW","[Unknown]","0x180041840"
"for_read_seq","0.034895","0","0","Simulation2015_x64.exe","for_read_seq","[Unknown]","0x140043ea0"
"CLASS_APPGW_mp_COMPUTESUBREGIONALGWFLOWEXCHANGE","0.0347721","0","0","Simulation2015_x64.exe","CLASS_APPGW_mp_COMPUTESUBREGIONALGWFLOWEXCHANGE","Class_AppGW.f90","0x1408c2240"
"for__get_descr_parts","0.0343209","0","0","Simulation2015_x64.exe","for__get_descr_parts","[Unknown]","0x14002cd10"
"for_finalize","0.0343073","0","0","Simulation2015_x64.exe","for_finalize","[Unknown]","0x14002a9a0"
"H5T_path_find","0.0337147","0","0","Simulation2015_x64.exe","H5T_path_find","[Unknown]","0x1400c7930"
"ROOTZONE_V41_mp_ROOTZONE_V41_GETACTUALRIPARIANET_ATSTRMNODES","0.0336464","0","0","Simulation2015_x64.exe","ROOTZONE_V41_mp_ROOTZONE_V41_GETACTUALRIPARIANET_ATSTRMNODES","RootZone_v41.f90","0x140521c20"
"CLASS_APPBC_mp_GETBOUNDARYFLOWATELEMENTNODELAYER","0.03294","0","0","Simulation2015_x64.exe","CLASS_APPBC_mp_GETBOUNDARYFLOWATELEMENTNODELAYER","Class_AppBC.f90","0x1408afe90"
"intel_fast_memcpy","0.0327185","0","0","Simulation2015_x64.exe","intel_fast_memcpy","[Unknown]","0x1400b8180"
"CLASS_PONDEDAGLANDUSEGW_mp_PONDEDAGLANDUSE_NEW","0.0327088","0","0","Simulation2015_x64.exe","CLASS_PONDEDAGLANDUSEGW_mp_PONDEDAGLANDUSE_NEW","Class_PondedAgLandUseGW.f90","0x140506960"
"CLASS_STRMGWCONNECTOR_V42_mp_STRMGWCONNECTOR_V42_GETALLGWNODES","0.0320776","0","0","Simulation2015_x64.exe","CLASS_STRMGWCONNECTOR_V42_mp_STRMGWCONNECTOR_V42_GETALLGWNODES","Class_StrmGWConnector_v42.f90","0x140421750"
"for__format_compiler","0.030251","0","0","Simulation2015_x64.exe","for__format_compiler","[Unknown]","0x140086500"
"CLASS_APPBC_mp_SIMULATE","0.0301558","0","0","Simulation2015_x64.exe","CLASS_APPBC_mp_SIMULATE","Class_AppBC.f90","0x14090e330"
"H5O_touch_oh","0.0297502","0","0","Simulation2015_x64.exe","H5O_touch_oh","[Unknown]","0x140102410"
"SetEndOfFile","0.0294706","0","0","KERNELBASE.dll","SetEndOfFile","[Unknown]","0x180064be0"
"func@0x1400f2db0","0.0283548","0","0","Simulation2015_x64.exe","func@0x1400f2db0","[Unknown]","0x1400f2db0"
"CloseHandle","0.028182","0","0","KERNELBASE.dll","CloseHandle","[Unknown]","0x180041f80"
"for__put_sf","0.0280327","0","0","Simulation2015_x64.exe","for__put_sf","[Unknown]","0x140076200"
"func@0x1401cf510","0.0268125","0","0","Simulation2015_x64.exe","func@0x1401cf510","[Unknown]","0x1401cf510"
"GetConsoleMode","0.0267265","0","0","KERNELBASE.dll","GetConsoleMode","[Unknown]","0x18005d7b0"
"func@0x14019d125","0.026494","0","0","Simulation2015_x64.exe","func@0x14019d125","[Unknown]","0x14019d125"
"CLASS_URBANLANDUSEGW_mp_URBANLANDUSE_NEW","0.0256118","0","0","Simulation2015_x64.exe","CLASS_URBANLANDUSEGW_mp_URBANLANDUSE_NEW","Class_UrbanLandUseGW.f90","0x14050cd20"
"for_read_seq_xmit","0.0247795","0","0","Simulation2015_x64.exe","for_read_seq_xmit","[Unknown]","0x140045ab0"
"for_cpstr","0.024661","0","0","Simulation2015_x64.exe","for_cpstr","[Unknown]","0x140015610"
"for_dealloc_all_nopdtlen","0.0245689","0","0","Simulation2015_x64.exe","for_dealloc_all_nopdtlen","[Unknown]","0x14002dd20"
"PACKAGE_APPSMALLWATERSHED_mp_SIMULATE","0.0244568","0","0","Simulation2015_x64.exe","PACKAGE_APPSMALLWATERSHED_mp_SIMULATE","Package_AppSmallWatershed.f90","0x140915c60"
"cvt_text_to_integer","0.0241226","0","0","Simulation2015_x64.exe","cvt_text_to_integer","[Unknown]","0x14008b9a0"
"PACKAGE_APPSMALLWATERSHED_mp_PRINTBUDRAWFILE","0.0236924","0","0","Simulation2015_x64.exe","PACKAGE_APPSMALLWATERSHED_mp_PRINTBUDRAWFILE","Package_AppSmallWatershed.f90","0x1408d02a0"
"CLASS_URBANLANDUSEGW_mp_URBANLANDUSE_COMPUTEWATERDEMAND","0.0235786","0","0","Simulation2015_x64.exe","CLASS_URBANLANDUSEGW_mp_URBANLANDUSE_COMPUTEWATERDEMAND","Class_UrbanLandUseGW.f90","0x14054f0e0"
"CLASS_APPGW_mp_GETTILEDRAINFLOWSTOSTREAMS","0.0199794","0","0","Simulation2015_x64.exe","CLASS_APPGW_mp_GETTILEDRAINFLOWSTOSTREAMS","Class_AppGW.f90","0x140913e30"
"GetStdHandle","0.0198968","0","0","KERNELBASE.dll","GetStdHandle","[Unknown]","0x180066d90"
"H5P_get","0.0198958","0","0","Simulation2015_x64.exe","H5P_get","[Unknown]","0x1400d48f0"
"CLASS_FORTBINARYFILETYPE_mp_READARRAYDATA","0.0198338","0","0","Simulation2015_x64.exe","CLASS_FORTBINARYFILETYPE_mp_READARRAYDATA","Class_FortBinaryFileType.f90","0x1403f1500"
"for_alloc_allocatable","0.019736","0","0","Simulation2015_x64.exe","for_alloc_allocatable","[Unknown]","0x140015f10"
"ROOTZONE_V41_mp_REGIONALLUAREA_FORSINGLEREGION","0.0194581","0","0","Simulation2015_x64.exe","ROOTZONE_V41_mp_REGIONALLUAREA_FORSINGLEREGION","RootZone_v41.f90","0x14055ff40"
"H5FL_reg_malloc","0.0193502","0","0","Simulation2015_x64.exe","H5FL_reg_malloc","[Unknown]","0x14012d430"
"func@0x14008a4e0","0.0190133","0","0","Simulation2015_x64.exe","func@0x14008a4e0","[Unknown]","0x14008a4e0"
"H5Sget_simple_extent_ndims","0.0189713","0","0","Simulation2015_x64.exe","H5Sget_simple_extent_ndims","[Unknown]","0x1400eaf40"
"CLASS_HDF5FILETYPE_mp_WRITEMATRIXDATA","0.0189079","0","0","Simulation2015_x64.exe","CLASS_HDF5FILETYPE_mp_WRITEMATRIXDATA","Class_HDF5FileType.f90","0x1403ec3a0"
"H5Dwrite","0.0183679","0","0","Simulation2015_x64.exe","H5Dwrite","[Unknown]","0x1400ff550"
"H5FL_fac_free","0.0173737","0","0","Simulation2015_x64.exe","H5FL_fac_free","[Unknown]","0x14012cf20"
"for_default_init","0.0161772","0","0","Simulation2015_x64.exe","for_default_init","[Unknown]","0x14002b5c0"
"func@0x1401d0370","0.0156426","0","0","Simulation2015_x64.exe","func@0x1401d0370","[Unknown]","0x1401d0370"
"CLASS_ELEMENTPUMPING_mp_ELEMPUMP_NEW","0.0155023","0","0","Simulation2015_x64.exe","CLASS_ELEMENTPUMPING_mp_ELEMPUMP_NEW","Class_ElementPumping.f90","0x1402e74e0"
"H5FL_reg_free","0.0150723","0","0","Simulation2015_x64.exe","H5FL_reg_free","[Unknown]","0x14012ca50"
"ROOTZONE_V41_mp_CHECKTSDATAPOINTERS","0.0150252","0","0","Simulation2015_x64.exe","ROOTZONE_V41_mp_CHECKTSDATAPOINTERS","RootZone_v41.f90","0x14051f200"
"CLASS_APPGRID_mp_ACCUMSOMENODEVALUESTOSUBREGIONS","0.0149986","0","0","Simulation2015_x64.exe","CLASS_APPGRID_mp_ACCUMSOMENODEVALUESTOSUBREGIONS","Class_AppGrid.f90","0x1408c01a0"
"CLASS_BUDGETINPUTFILE_mp_WRITEHEADER","0.0149942","0","0","Simulation2015_x64.exe","CLASS_BUDGETINPUTFILE_mp_WRITEHEADER","Class_BudgetInputFile.f90","0x140302560"
"CLASS_BASEAPPSTREAM_mp_WRITESTRMREACHFLOWSTOBUDRAWFILE","0.014976","0","0","Simulation2015_x64.exe","CLASS_BASEAPPSTREAM_mp_WRITESTRMREACHFLOWSTOBUDRAWFILE","Class_BaseAppStream.f90","0x140598160"
"CLASS_DIVERSION_mp_COMPILEDIVERSIONRANKS","0.0149742","0","0","Simulation2015_x64.exe","CLASS_DIVERSION_mp_COMPILEDIVERSIONRANKS","Class_Diversion.f90","0x1405bbcb0"
"H5O_alloc","0.0149433","0","0","Simulation2015_x64.exe","H5O_alloc","[Unknown]","0x1401ec050"
"H5VM_chunk_index","0.0149012","0","0","Simulation2015_x64.exe","H5VM_chunk_index","[Unknown]","0x1401b0250"
"func@0x1400f954f","0.0148757","0","0","Simulation2015_x64.exe","func@0x1400f954f","[Unknown]","0x1400f954f"
"for__characterize_LUB_buffer","0.0145493","0","0","Simulation2015_x64.exe","for__characterize_LUB_buffer","[Unknown]","0x14007bb30"
"func@0x1401c96d0","0.0144973","0","0","Simulation2015_x64.exe","func@0x1401c96d0","[Unknown]","0x1401c96d0"
"CLASS_PONDEDAGLANDUSEGW_mp_PONDEDAGLANDUSE_SOILMCONTENT_TO_DEPTH","0.014492","0","0","Simulation2015_x64.exe","CLASS_PONDEDAGLANDUSEGW_mp_PONDEDAGLANDUSE_SOILMCONTENT_TO_DEPTH","Class_PondedAgLandUseGW.f90","0x140550c90"
"func@0x1400ee9fe","0.0144818","0","0","Simulation2015_x64.exe","func@0x1400ee9fe","[Unknown]","0x1400ee9fe"
"PACKAGE_SUPPLY_mp_SUPPLY","0.0144497","0","0","Simulation2015_x64.exe","PACKAGE_SUPPLY_mp_SUPPLY","Package_Supply.f90","0x140910600"
"func@0x1400f2820","0.014401","0","0","Simulation2015_x64.exe","func@0x1400f2820","[Unknown]","0x1400f2820"
"H5S_select_hyperslab","0.014371","0","0","Simulation2015_x64.exe","H5S_select_hyperslab","[Unknown]","0x1400f55f0"
"H5I_object_verify","0.0141419","0","0","Simulation2015_x64.exe","H5I_object_verify","[Unknown]","0x140129490"
"func@0x1400fdf20","0.0139993","0","0","Simulation2015_x64.exe","func@0x1400fdf20","[Unknown]","0x1400fdf20"
"PACKAGE_APPTILEDRAIN_mp_SIMULATE","0.0139731","0","0","Simulation2015_x64.exe","PACKAGE_APPTILEDRAIN_mp_SIMULATE","Package_AppTileDrain.f90","0x14090c1e0"
"H5FL_arr_free","0.0139425","0","0","Simulation2015_x64.exe","H5FL_arr_free","[Unknown]","0x14012ce40"
"func@0x14019d9a0","0.0139388","0","0","Simulation2015_x64.exe","func@0x14019d9a0","[Unknown]","0x14019d9a0"
"SUPPLYADJUSTMENT_mp_ADJUSTPUMPING","0.0130418","0","0","Simulation2015_x64.exe","SUPPLYADJUSTMENT_mp_ADJUSTPUMPING","SupplyAdjustment.f90","0x1408f1ad0"
"CLASS_APPBC_mp_ISBOUNDARYFLOWNODE","0.0100952","0","0","Simulation2015_x64.exe","CLASS_APPBC_mp_ISBOUNDARYFLOWNODE","Class_AppBC.f90","0x1408b5170"
"CLASS_APPGW_mp_GETLAYERPUMPFACTORS","0.0100748","0","0","Simulation2015_x64.exe","CLASS_APPGW_mp_GETLAYERPUMPFACTORS","Class_AppGW.f90","0x1403684f0"
"func@0x1400f53f0","0.0100282","0","0","Simulation2015_x64.exe","func@0x1400f53f0","[Unknown]","0x1400f53f0"
"func@0x14021ed00","0.0100142","0","0","Simulation2015_x64.exe","func@0x14021ed00","[Unknown]","0x14021ed00"
"GetStdHandle","0.0100103","0","0","KERNEL32.DLL","GetStdHandle","[Unknown]","0x18000ebb0"
"H5S_select_shape_same","0.0100099","0","0","Simulation2015_x64.exe","H5S_select_shape_same","[Unknown]","0x1400f86c0"
"CLASS_BASEHYDROGRAPH_mp_HYDOUTPUT_PRINTRESULTS","0.0100045","0","0","Simulation2015_x64.exe","CLASS_BASEHYDROGRAPH_mp_HYDOUTPUT_PRINTRESULTS","Class_BaseHydrograph.f90","0x1402fd2a0"
"CLASS_ASCIIFILETYPE_mp_MARKINITIALDATALINE","0.0100004","0","0","Simulation2015_x64.exe","CLASS_ASCIIFILETYPE_mp_MARKINITIALDATALINE","Class_AsciiFileType.f90","0x140942ec0"
"CLASS_FORTBINARYFILETYPE_mp_READSINGLEDATA","0.0099873","0","0","Simulation2015_x64.exe","CLASS_FORTBINARYFILETYPE_mp_READSINGLEDATA","Class_FortBinaryFileType.f90","0x1403f0f30"
"_libm_log10_l9","0.0099399","0","0","Simulation2015_x64.exe","_libm_log10_l9","[Unknown]","0x1400b55b0"
"SetFilePointerEx","0.0099267","0","0","KERNELBASE.dll","SetFilePointerEx","[Unknown]","0x1800609e0"
"IOINTERFACE_mp_READSCALARDATA","0.0099263","0","0","Simulation2015_x64.exe","IOINTERFACE_mp_READSCALARDATA","IOInterface_NoDSS.f90","0x1402c29c0"
"H5S_close","0.0099151","0","0","Simulation2015_x64.exe","H5S_close","[Unknown]","0x1400ea620"
"_security_check_cookie","0.0099144","0","0","Simulation2015_x64.exe","_security_check_cookie","amdsecgs.asm","0x140943bb0"
"H5FL_fac_malloc","0.0099023","0","0","Simulation2015_x64.exe","H5FL_fac_malloc","[Unknown]","0x14012df00"
"CLASS_NONPONDEDAGLANDUSEGW_mp_NONPONDEDAGLANDUSE_SOILMCONTENT_TO_DEPTH","0.009863","0","0","Simulation2015_x64.exe","CLASS_NONPONDEDAGLANDUSEGW_mp_NONPONDEDAGLANDUSE_SOILMCONTENT_TO_DEPTH","Class_NonPondedAgLandUseGW.f90","0x140550120"
"CLASS_ASCIIFILETYPE_mp_BACKSPACE_ASCIIINFILE","0.0098462","0","0","Simulation2015_x64.exe","CLASS_ASCIIFILETYPE_mp_BACKSPACE_ASCIIINFILE","Class_AsciiFileType.f90","0x140406db0"
"H5S_get_select_npoints","0.0098253","0","0","Simulation2015_x64.exe","H5S_get_select_npoints","[Unknown]","0x1400f7e30"
"for__calc_num_elts","0.0097985","0","0","Simulation2015_x64.exe","for__calc_num_elts","[Unknown]","0x14002bc40"
"func@0x14019bba0","0.0095971","0","0","Simulation2015_x64.exe","func@0x14019bba0","[Unknown]","0x14019bba0"
"H5S_create_simple","0.0095811","0","0","Simulation2015_x64.exe","H5S_create_simple","[Unknown]","0x1400ed050"
"H5S_select_valid","0.00952635","0","0","Simulation2015_x64.exe","H5S_select_valid","[Unknown]","0x1400f7f10"
"func@0x1400f01a0","0.0095169","0","0","Simulation2015_x64.exe","func@0x1400f01a0","[Unknown]","0x1400f01a0"
"func@0x1400f49f0","0.0094888","0","0","Simulation2015_x64.exe","func@0x1400f49f0","[Unknown]","0x1400f49f0"
"func@0x14019bcb0","0.0094763","0","0","Simulation2015_x64.exe","func@0x14019bcb0","[Unknown]","0x14019bcb0"
"H5S_get_simple_extent_dims","0.0094494","0","0","Simulation2015_x64.exe","H5S_get_simple_extent_dims","[Unknown]","0x1400eb230"
"func@0x1400f50d0","0.0094422","0","0","Simulation2015_x64.exe","func@0x1400f50d0","[Unknown]","0x1400f50d0"
"func@0x1400f998f","0.0094101","0","0","Simulation2015_x64.exe","func@0x1400f998f","[Unknown]","0x1400f998f"
"H5_hash_string","0.0093903","0","0","Simulation2015_x64.exe","H5_hash_string","[Unknown]","0x1401fcd40"
"TlsGetValue","0.0093495","0","0","KERNEL32.DLL","TlsGetValue","[Unknown]","0x180006140"
"for__flush_readahead","0.009347","0","0","Simulation2015_x64.exe","for__flush_readahead","[Unknown]","0x140077690"
"H5T_cmp","0.0093447","0","0","Simulation2015_x64.exe","H5T_cmp","[Unknown]","0x1400c55e0"
"CLASS_ASCIIFILETYPE_mp_READARRAYDATA_ASCIITSDINFILE","0.0093119","0","0","Simulation2015_x64.exe","CLASS_ASCIIFILETYPE_mp_READARRAYDATA_ASCIITSDINFILE","Class_AsciiFileType.f90","0x1403fe670"
"IOINTERFACE_mp_READINTEGERARRAY","0.0090821","0","0","Simulation2015_x64.exe","IOINTERFACE_mp_READINTEGERARRAY","IOInterface_NoDSS.f90","0x1402c1120"
"CLASS_APPGRID_mp_READPROCESSEDAPPGRIDDATA","0.0090542","0","0","Simulation2015_x64.exe","CLASS_APPGRID_mp_READPROCESSEDAPPGRIDDATA","Class_AppGrid.f90","0x1402beaf0"
"func@0x1400ee7c0","0.0089822","0","0","Simulation2015_x64.exe","func@0x1400ee7c0","[Unknown]","0x1400ee7c0"
"CLASS_APPGW_mp_READAQUIFERPARAMETERS","0.0083546","0","0","Simulation2015_x64.exe","CLASS_APPGW_mp_READAQUIFERPARAMETERS","Class_AppGW.f90","0x140313e20"
"CLASS_NATIVERIPARIANLANDUSEGW_mp_NATIVERIPARIANLANDUSE_NEW","0.0070575","0","0","Simulation2015_x64.exe","CLASS_NATIVERIPARIANLANDUSEGW_mp_NATIVERIPARIANLANDUSE_NEW","Class_NativeRiparianLandUseGW.f90","0x1405129c0"
"CLASS_APPGW_mp_NEW","0.0060502","0","0","Simulation2015_x64.exe","CLASS_APPGW_mp_NEW","Class_AppGW.f90","0x1402cb8d0"
"H5SL_next","0.0051448","0","0","Simulation2015_x64.exe","H5SL_next","[Unknown]","0x1401a4480"
"func@0x1400edc50","0.00509519","0","0","Simulation2015_x64.exe","func@0x1400edc50","[Unknown]","0x1400edc50"
"func@0x14012caff","0.0050847","0","0","Simulation2015_x64.exe","func@0x14012caff","[Unknown]","0x14012caff"
"H5S_create","0.0050642","0","0","Simulation2015_x64.exe","H5S_create","[Unknown]","0x1400ec540"
"LAKEGWCONNECTOR_mp_SIMULATE","0.0050613","0","0","Simulation2015_x64.exe","LAKEGWCONNECTOR_mp_SIMULATE","LakeGWConnector.f90","0x14090f1a0"
"TSDFILEHANDLER_mp_CHECKCOLNUM","0.0050525","0","0","Simulation2015_x64.exe","TSDFILEHANDLER_mp_CHECKCOLNUM","TSDFileHandler.f90","0x140494d40"
"PACKAGE_APPUNSATZONE_mp_NEW","0.0050401","0","0","Simulation2015_x64.exe","PACKAGE_APPUNSATZONE_mp_NEW","Package_AppUnsatZone.f90","0x140329d70"
"H5O_chunk_protect","0.0050354","0","0","Simulation2015_x64.exe","H5O_chunk_protect","[Unknown]","0x1401e2910"
"PACKAGE_APPPUMPING_mp_KILL","0.0050332","0","0","Simulation2015_x64.exe","PACKAGE_APPPUMPING_mp_KILL","Package_AppPumping.f90","0x1403d6ba0"
"CLASS_URBANLANDUSEGW_mp_URBANLANDUSE_READTSDATA","0.0050325","0","0","Simulation2015_x64.exe","CLASS_URBANLANDUSEGW_mp_URBANLANDUSE_READTSDATA","Class_UrbanLandUseGW.f90","0x14053f9b0"
"SUPPLYDESTINATIONCONNECTOR_mp_SUPPLY_GETDESTINATION","0.0050314","0","0","Simulation2015_x64.exe","SUPPLYDESTINATIONCONNECTOR_mp_SUPPLY_GETDESTINATION","SupplyDestinationConnector.f90","0x1402573c0"
"H5Z_xform_noop","0.0050311","0","0","Simulation2015_x64.exe","H5Z_xform_noop","[Unknown]","0x1401c7f10"
"H5S_select_get_seq_list","0.0050168","0","0","Simulation2015_x64.exe","H5S_select_get_seq_list","[Unknown]","0x1400f7d00"
"H5VM_array_fill","0.00501424","0","0","Simulation2015_x64.exe","H5VM_array_fill","[Unknown]","0x1401affe0"
"H5C_unprotect","0.0049993","0","0","Simulation2015_x64.exe","H5C_unprotect","[Unknown]","0x1401f5cd0"
"func@0x1400f0280","0.0049927","0","0","Simulation2015_x64.exe","func@0x1400f0280","[Unknown]","0x1400f0280"
"CLASS_HDF5FILETYPE_mp_CREATEDATASET","0.0049902","0","0","Simulation2015_x64.exe","CLASS_HDF5FILETYPE_mp_CREATEDATASET","Class_HDF5FileType.f90","0x1403ee6d0"
"GetFullPathNameA","0.0049851","0","0","KERNELBASE.dll","GetFullPathNameA","[Unknown]","0x18000da00"
"func@0x1400f0fc0","0.0049796","0","0","Simulation2015_x64.exe","func@0x1400f0fc0","[Unknown]","0x1400f0fc0"
"func@0x1400f9850","0.0049763","0","0","Simulation2015_x64.exe","func@0x1400f9850","[Unknown]","0x1400f9850"
"H5I_object","0.0049738","0","0","Simulation2015_x64.exe","H5I_object","[Unknown]","0x140129420"
"CLASS_STRATIGRAPHY_mp_KILL","0.0049719","0","0","Simulation2015_x64.exe","CLASS_STRATIGRAPHY_mp_KILL","Class_Stratigraphy.f90","0x1403cadb0"
"CLASS_LANDUSEDATAFILE_mp_LANDUSEDATAFILE_READTSDATA","0.0049687","0","0","Simulation2015_x64.exe","CLASS_LANDUSEDATAFILE_mp_LANDUSEDATAFILE_READTSDATA","Class_LandUseDataFile.f90","0x1407d13b0"
"CLASS_APPGW_mp_PROCESSAQUIFERPARAMETERS","0.0049683","0","0","Simulation2015_x64.exe","CLASS_APPGW_mp_PROCESSAQUIFERPARAMETERS","Class_AppGW.f90","0x140323de0"
"GENERICLINKEDLIST_mp_GENERICLINKEDLIST_NEXT","0.004968","0","0","Simulation2015_x64.exe","GENERICLINKEDLIST_mp_GENERICLINKEDLIST_NEXT","GenericLinkedList.f90","0x140407180"
"H5T__print_stats","0.00496792","0","0","Simulation2015_x64.exe","H5T__print_stats","[Unknown]","0x1400f95a0"
"PACKAGE_APPUNSATZONE_mp_REGIONALSTORAGE","0.0049664","0","0","Simulation2015_x64.exe","PACKAGE_APPUNSATZONE_mp_REGIONALSTORAGE","Package_AppUnsatZone.f90","0x140342d20"
"SUPPLYDESTINATIONCONNECTOR_mp_SUPPLYDESTINATIONCONNECTOR_NEW","0.0049664","0","0","Simulation2015_x64.exe","SUPPLYDESTINATIONCONNECTOR_mp_SUPPLYDESTINATIONCONNECTOR_NEW","SupplyDestinationConnector.f90","0x140257c70"
"func@0x1400ff210","0.0049639","0","0","Simulation2015_x64.exe","func@0x1400ff210","[Unknown]","0x1400ff210"
"CLASS_APPGW_mp_PRINTFINALHEADS","0.0049599","0","0","Simulation2015_x64.exe","CLASS_APPGW_mp_PRINTFINALHEADS","Class_AppGW.f90","0x1408cab00"
"SUPPLYDESTINATIONCONNECTOR_mp_SUPPLY_NEW","0.0049588","0","0","Simulation2015_x64.exe","SUPPLYDESTINATIONCONNECTOR_mp_SUPPLY_NEW","SupplyDestinationConnector.f90","0x1402e6ab0"
"H5A_PROVISIONAL_mp_H5AWRITE_PTR","0.0049585","0","0","Simulation2015_x64.exe","H5A_PROVISIONAL_mp_H5AWRITE_PTR","[Unknown]","0x140005990"
"H5G_name_free","0.0049548","0","0","Simulation2015_x64.exe","H5G_name_free","[Unknown]","0x14012e360"
"PACKAGE_MODEL_mp_PRINTRESULTS","0.004954","0","0","Simulation2015_x64.exe","PACKAGE_MODEL_mp_PRINTRESULTS","Package_Model.f90","0x1408a1dd0"
"for_concat","0.0049537","0","0","Simulation2015_x64.exe","for_concat","[Unknown]","0x1400157a0"
"func@0x14012d3a0","0.0049537","0","0","Simulation2015_x64.exe","func@0x14012d3a0","[Unknown]","0x14012d3a0"
"CLASS_TECPLOTOUTPUT_mp_PRINTINITIALVALUES","0.0049512","0","0","Simulation2015_x64.exe","CLASS_TECPLOTOUTPUT_mp_PRINTINITIALVALUES","Class_TecplotOutput.f90","0x140941d10"
"CLASS_APPGW_mp_READINITIALHEADS","0.0049464","0","0","Simulation2015_x64.exe","CLASS_APPGW_mp_READINITIALHEADS","Class_AppGW.f90","0x14092a3c0"
"for_f90_index","0.004946","0","0","Simulation2015_x64.exe","for_f90_index","[Unknown]","0x140023af0"
"strcspn","0.0049446","0","0","Simulation2015_x64.exe","strcspn","strspn.c","0x140958178"
"CLASS_APPGRID_mp_APPELEMENT_READPREPROCESSEDDATA","0.0049417","0","0","Simulation2015_x64.exe","CLASS_APPGRID_mp_APPELEMENT_READPREPROCESSEDDATA","Class_AppGrid.f90","0x1402c2da0"
"func@0x1401bee60","0.00494167","0","0","Simulation2015_x64.exe","func@0x1401bee60","[Unknown]","0x1401bee60"
"GENERALUTILITIES_mp_INTTOTEXT","0.0049377","0","0","Simulation2015_x64.exe","GENERALUTILITIES_mp_INTTOTEXT","GeneralUtilities.f90","0x1405c2710"
"STRMHYDROGRAPH_mp_PRINTRESULTS","0.0049376","0","0","Simulation2015_x64.exe","STRMHYDROGRAPH_mp_PRINTRESULTS","StrmHydrograph.f90","0x140597000"
"func@0x140039740","0.0049359","0","0","Simulation2015_x64.exe","func@0x140039740","[Unknown]","0x140039740"
"for_check_mult_overflow64","0.0049296","0","0","Simulation2015_x64.exe","for_check_mult_overflow64","[Unknown]","0x1400164a0"
"for__free_vm","0.0049292","0","0","Simulation2015_x64.exe","for__free_vm","[Unknown]","0x140015cf0"
"for_f90_scan","0.0049274","0","0","Simulation2015_x64.exe","for_f90_scan","[Unknown]","0x14002a0d0"
"func@0x180023910","0.0049194","0","0","KERNEL32.DLL","func@0x180023910","[Unknown]","0x180023910"
"H5D__chunk_lock","0.0049191","0","0","Simulation2015_x64.exe","H5D__chunk_lock","[Unknown]","0x1401cb0e0"
"H5S_set_extent_real","0.0049187","0","0","Simulation2015_x64.exe","H5S_set_extent_real","[Unknown]","0x1400ec300"
"_powi4i4","0.0049176","0","0","Simulation2015_x64.exe","_powi4i4","[Unknown]","0x1400b0f20"
"SUPPLYDESTINATIONCONNECTOR_mp_SUPPLYTOELEMENT_NEW","0.0049052","0","0","Simulation2015_x64.exe","SUPPLYDESTINATIONCONNECTOR_mp_SUPPLYTOELEMENT_NEW","SupplyDestinationConnector.f90","0x140258e90"
"for_adjustl","0.0049019","0","0","Simulation2015_x64.exe","for_adjustl","[Unknown]","0x14001dfd0"
"ROOTZONE_V41_mp_ROOTZONE_V41_GETDEMANDURBANAREAS","0.0049016","0","0","Simulation2015_x64.exe","ROOTZONE_V41_mp_ROOTZONE_V41_GETDEMANDURBANAREAS","RootZone_v41.f90","0x14052b430"
"SetFilePointer","0.0048957","0","0","KERNEL32.DLL","SetFilePointer","[Unknown]","0x180022990"
"for_deallocate","0.0048921","0","0","Simulation2015_x64.exe","for_deallocate","[Unknown]","0x140016150"
"H5SSELECT_HYPERSLAB_C","0.0048844","0","0","Simulation2015_x64.exe","H5SSELECT_HYPERSLAB_C","[Unknown]","0x14000ebf0"
"H5SL_remove","0.0048742","0","0","Simulation2015_x64.exe","H5SL_remove","[Unknown]","0x14019ddb0"
"PACKAGE_APPUNSATZONE_mp_READUNSATZONEPARAMETERS","0.0048684","0","0","Simulation2015_x64.exe","PACKAGE_APPUNSATZONE_mp_READUNSATZONEPARAMETERS","Package_AppUnsatZone.f90","0x14033fc50"
"write_nolock","0.0048545","0","0","Simulation2015_x64.exe","write_nolock","write.c","0x140946b38"
"CLASS_LLNODE_mp_LLNODE_GETVALUE","0.0048545","0","0","Simulation2015_x64.exe","CLASS_LLNODE_mp_LLNODE_GETVALUE","Class_LinkedListNode.f90","0x1402f3590"
"CLASS_APPGRID_mp_AREAAVERAGE_ELEMDATA_FROM_NODEDATA","0.0048531","0","0","Simulation2015_x64.exe","CLASS_APPGRID_mp_AREAAVERAGE_ELEMDATA_FROM_NODEDATA","Class_AppGrid.f90","0x140328b00"
"H5C_protect","0.0048472","0","0","Simulation2015_x64.exe","H5C_protect","[Unknown]","0x1401f7360"
"TIMESERIESUTILITIES_mp_ADJUSTRATETYPEDATA","0.0047487","0","0","Simulation2015_x64.exe","TIMESERIESUTILITIES_mp_ADJUSTRATETYPEDATA","TimeSeriesUtilities.f90","0x140402170"
"func@0x1401f0e80","0.0047039","0","0","Simulation2015_x64.exe","func@0x1401f0e80","[Unknown]","0x1401f0e80"
"H5DWRITE_DOUBLE_4_C","0.0045055","0","0","Simulation2015_x64.exe","H5DWRITE_DOUBLE_4_C","[Unknown]","0x14000f520"
"H5D__chunk_is_space_alloc","0.0044978","0","0","Simulation2015_x64.exe","H5D__chunk_is_space_alloc","[Unknown]","0x1401c93e0"
"func@0x1400f2350","0.004488","0","0","Simulation2015_x64.exe","func@0x1400f2350","[Unknown]","0x1400f2350"
"H5_DBLE_INTERFACE_mp_H5DWRITE_DOUBLE_1","0.0044826","0","0","Simulation2015_x64.exe","H5_DBLE_INTERFACE_mp_H5DWRITE_DOUBLE_1","[Unknown]","0x140006720"
"func@0x1400edb7f","0.0044745","0","0","Simulation2015_x64.exe","func@0x1400edb7f","[Unknown]","0x1400edb7f"
"CLASS_APPGW_mp_GETPUMPELEMENT","0.0044702","0","0","Simulation2015_x64.exe","CLASS_APPGW_mp_GETPUMPELEMENT","Class_AppGW.f90","0x140367e70"
"H5D__chunk_unlock","0.0044607","0","0","Simulation2015_x64.exe","H5D__chunk_unlock","[Unknown]","0x1401cb800"
"func@0x1401c9be0","0.0040683","0","0","Simulation2015_x64.exe","func@0x1401c9be0","[Unknown]","0x1401c9be0"
"lseeki64","0.0040617","0","0","Simulation2015_x64.exe","lseeki64","lseeki64.c","0x14094ec44"
"func@0x1400ee740","0.0040602","0","0","Simulation2015_x64.exe","func@0x1400ee740","[Unknown]","0x1400ee740"
"CLASS_APPSUBSIDENCE_mp_READSUBSIDENCEPARAMETERS","0.0040574","0","0","Simulation2015_x64.exe","CLASS_APPSUBSIDENCE_mp_READSUBSIDENCEPARAMETERS","Class_AppSubsidence.f90","0x1402f6650"
"PACKAGE_APPPUMPING_mp_NEW","0.0038768","0","0","Simulation2015_x64.exe","PACKAGE_APPPUMPING_mp_NEW","Package_AppPumping.f90","0x1402debd0"
"H5S_select_construct_projection","0.0036001","0","0","Simulation2015_x64.exe","H5S_select_construct_projection","[Unknown]","0x1400f8e40"
"H5A_close","0.0035723","0","0","Simulation2015_x64.exe","H5A_close","[Unknown]","0x1401b30a0"
"func@0x14012cc7f","0.0030954","0","0","Simulation2015_x64.exe","func@0x14012cc7f","[Unknown]","0x14012cc7f"
"PACKAGE_APPUNSATZONE_mp_UZZONEBUDRAWFILE_NEW","0.0025724","0","0","Simulation2015_x64.exe","PACKAGE_APPUNSATZONE_mp_UZZONEBUDRAWFILE_NEW","Package_AppUnsatZone.f90","0x140330f50"
"ROOTZONE_V41_mp_ROOTZONE_V41_CONVERTTIMEUNIT","0.0022821","0","0","Simulation2015_x64.exe","ROOTZONE_V41_mp_ROOTZONE_V41_CONVERTTIMEUNIT","RootZone_v41.f90","0x1405712c0"
"CLASS_GWZBUDGET_mp_COMPILEHEADERSYSTEMDATA","0.0022132","0","0","Simulation2015_x64.exe","CLASS_GWZBUDGET_mp_COMPILEHEADERSYSTEMDATA","Class_GWZBudget.f90","0x1403559b0"
"CLASS_APPGW_mp_GETTILEDRAINNODESLAYERS","0.0019021","0","0","Simulation2015_x64.exe","CLASS_APPGW_mp_GETTILEDRAINNODESLAYERS","Class_AppGW.f90","0x140365fe0"
"CLASS_APPSUBSIDENCE_mp_NEW","0.001226","0","0","Simulation2015_x64.exe","CLASS_APPSUBSIDENCE_mp_NEW","Class_AppSubsidence.f90","0x1402ec0d0"
"CLASS_NONPONDEDAGLANDUSEGW_mp_NONPONDEDAGLANDUSE_KILL","1.42e-005","0","0","Simulation2015_x64.exe","CLASS_NONPONDEDAGLANDUSEGW_mp_NONPONDEDAGLANDUSE_KILL","Class_NonPondedAgLandUseGW.f90","0x1406fe4c0"
